path	prefab	min	max	rotation
Main Camera		(0.000, 1.140, -6.200)	(0.000, 1.140, -6.200)	(0.0, 0.0, 0.0)
Directional Light		(0.000, 3.000, 0.000)	(0.000, 3.000, 0.000)	(50.0, 192.2, 0.0)
Reflection Probe		(-4.420, 0.000, -25.800)	(-4.420, 0.000, -25.800)	(0.0, 0.0, 0.0)
Plane		(-50.000, 0.000, -50.000)	(50.000, 0.000, 50.000)	(0.0, 0.0, 0.0)
Props		(-25.523, -0.107, -21.260)	(2.000, 2.458, 0.099)	(0.0, 0.0, 0.0)
Props/mv_pool_shower	Assets/Modern Villa/Prefabs/Pool/PoolShower.prefab	(-10.084, -0.005, -5.560)	(-8.151, 1.829, -4.940)	(0.0, 0.0, 0.0)
Props/mv_pool_ladder	Assets/Modern Villa/Prefabs/Pool/PoolLadder.prefab	(-7.748, 0.107, -5.288)	(-7.172, 1.609, -4.932)	(0.0, 0.0, 0.0)
Props/mv_oil_vase	Assets/Modern Villa/Prefabs/Props/OilVase.prefab	(-6.524, 0.012, -5.814)	(-5.396, 1.012, -4.686)	(0.0, 180.0, 0.0)
Props/mv_oil_vase/mv_oil_vase	Assets/Modern Villa/Meshes/props/mv_oil_vase.fbx	(-6.524, 0.012, -5.814)	(-5.396, 1.012, -4.686)	(0.0, 180.0, 0.0)
Props/mv_firebowl	Assets/Modern Villa/Prefabs/Props/Firebowl.prefab	(-10.897, 0.000, -5.769)	(-10.103, 0.321, -4.975)	(0.0, 0.0, 0.0)
Props/fire box	Assets/Modern Villa/Prefabs/Props/FireBox.prefab	(-12.600, 0.000, -5.350)	(-12.000, 0.275, -5.150)	(0.0, 0.0, 0.0)
Props/mv_lantern	Assets/Modern Villa/Meshes/lighting/mv_lantern.fbx	(-11.566, 0.008, -5.325)	(-11.416, 0.247, -5.175)	(0.0, 0.0, 0.0)
Props/mv_pillow_seat	Assets/Modern Villa/Prefabs/Props/PillowSeat.prefab	(-13.644, -0.004, -5.435)	(-13.275, 0.061, -5.066)	(0.0, 0.0, 0.0)
Props/mv_glass_railing		(-20.138, 0.000, -5.980)	(-14.728, 1.200, -5.225)	(0.0, 0.0, 0.0)
Props/mv_glass_railing/glas railing .75m	Assets/Modern Villa/Prefabs/railing/GlasRailing.75m.prefab	(-15.478, 0.000, -5.275)	(-14.728, 1.198, -5.225)	(0.0, 0.0, 0.0)
Props/mv_glass_railing/glas railing 1m	Assets/Modern Villa/Prefabs/railing/GlasRailing1m.prefab	(-16.853, 0.000, -5.275)	(-15.853, 1.198, -5.225)	(0.0, 0.0, 0.0)
Props/mv_glass_railing/glas railing 2m	Assets/Modern Villa/Prefabs/railing/GlasRailing2m.prefab	(-19.103, 0.000, -5.275)	(-17.103, 1.198, -5.225)	(0.0, 0.0, 0.0)
Props/mv_glass_railing/glas railing .75m corner	Assets/Modern Villa/Prefabs/railing/GlasRailing.75mCorner.prefab	(-20.138, 0.000, -5.980)	(-19.385, 1.200, -5.230)	(0.0, 0.0, 0.0)
Props/mv_lights		(-12.108, -0.019, -6.095)	(-11.415, 0.189, -5.867)	(0.0, 0.0, 0.0)
Props/mv_lights/candle	Assets/Modern Villa/Prefabs/lighting/Candle.prefab	(-11.505, 0.000, -5.957)	(-11.415, 0.120, -5.867)	(0.0, 0.0, 0.0)
Props/mv_lights/mv_wall_light	Assets/Modern Villa/Prefabs/lighting/WallLight.prefab	(-12.108, -0.019, -6.095)	(-12.004, 0.189, -5.965)	(0.0, 180.0, 0.0)
Props/mv_lights/Couch Clip outdoor	Assets/Modern Villa/Prefabs/lighting/CouchClipOutdoor.prefab	(-11.786, 0.000, -5.953)	(-11.686, 0.100, -5.938)	(0.0, 180.0, 0.0)
Props/mv_stone boxes		(-15.410, 0.000, -21.260)	(2.000, 0.700, -17.760)	(0.0, 0.0, 0.0)
Props/mv_stone boxes/stonebox high	Assets/Modern Villa/Prefabs/Stoneboxes/StoneboxHigh.prefab	(-4.500, 0.000, -21.010)	(-3.500, 0.500, -20.510)	(0.0, 0.0, 0.0)
Props/mv_stone boxes/stonebox large	Assets/Modern Villa/Prefabs/Stoneboxes/StoneboxLarge.prefab	(-2.000, 0.000, -19.760)	(2.000, 0.250, -17.760)	(0.0, 0.0, 0.0)
Props/mv_stone boxes/stonebox long	Assets/Modern Villa/Prefabs/Stoneboxes/StoneboxLong.prefab	(-7.000, 0.000, -19.010)	(-3.000, 0.700, -18.510)	(0.0, 0.0, 0.0)
Props/mv_stone boxes/stonebox low	Assets/Modern Villa/Prefabs/Stoneboxes/StoneboxLow.prefab	(-6.500, 0.000, -21.010)	(-5.500, 0.250, -20.510)	(0.0, 0.0, 0.0)
Props/mv_stone boxes/stonebox medium	Assets/Modern Villa/Prefabs/Stoneboxes/StoneboxMedium.prefab	(-2.000, 0.000, -21.260)	(2.000, 0.700, -20.260)	(0.0, 0.0, 0.0)
Props/mv_stone boxes/XL stonebox	Assets/Modern Villa/Prefabs/Stoneboxes/XLStonebox.prefab	(-15.410, 0.000, -19.760)	(-9.410, 0.350, -17.760)	(0.0, 0.0, 0.0)
Props/sunshades		(-25.523, -0.107, -4.494)	(-19.150, 2.458, -0.036)	(0.0, 0.0, 0.0)
Props/sunshades/mv_grand_sunshade	Assets/Modern Villa/Prefabs/Props/GrandSunshade.prefab	(-22.157, 0.000, -3.509)	(-19.150, 2.242, -0.036)	(0.0, 0.0, 0.0)
Props/sunshades/mv_sunshade	Assets/Modern Villa/Prefabs/Props/Sunshade.prefab	(-25.523, -0.107, -4.494)	(-22.523, 2.458, -1.494)	(0.0, 0.0, 0.0)
Props/mv_couch_pillows		(-8.124, 0.015, -0.226)	(-7.036, 0.075, 0.099)	(0.0, 0.0, 0.0)
Props/mv_couch_pillows/pillow a	Assets/Modern Villa/Prefabs/furniture/PillowA.prefab	(-7.361, 0.015, -0.226)	(-7.036, 0.071, 0.099)	(0.0, 0.0, 0.0)
Props/mv_couch_pillows/pillow b	Assets/Modern Villa/Prefabs/furniture/PillowB.prefab	(-8.124, 0.019, -0.221)	(-7.570, 0.075, 0.095)	(0.0, 0.0, 0.0)
Props/mv_tableware		(-9.209, -0.018, -3.200)	(-5.780, 0.239, -2.320)	(0.0, 0.0, 0.0)
Props/mv_tableware/bowl	Assets/Modern Villa/Prefabs/Props/Bowl.prefab	(-7.031, 0.000, -2.580)	(-6.871, 0.057, -2.420)	(0.0, 0.0, 0.0)
Props/mv_tableware/glas	Assets/Modern Villa/Prefabs/Props/Glas.prefab	(-6.679, 0.001, -2.542)	(-6.595, 0.138, -2.458)	(0.0, 0.0, 0.0)
Props/mv_tableware/napkin	Assets/Modern Villa/Prefabs/Props/Napkin.prefab	(-6.467, -0.002, -2.600)	(-6.367, 0.032, -2.400)	(0.0, 0.0, 0.0)
Props/mv_tableware/tablet	Assets/Modern Villa/Prefabs/Props/TabletA.prefab	(-6.220, 0.000, -2.680)	(-5.780, 0.066, -2.320)	(0.0, 0.0, 0.0)
Props/mv_tableware/mv_lantern	Assets/Modern Villa/Prefabs/Props/Lantern.prefab	(-7.356, 0.000, -2.575)	(-7.206, 0.239, -2.425)	(0.0, 0.0, 0.0)
Props/mv_tableware/mv_utensils/fork	Assets/Modern Villa/Prefabs/Props/Fork.prefab	(-7.769, -0.018, -2.914)	(-7.731, 0.029, -2.716)	(6.6, 359.0, 358.5)
Props/mv_tableware/mv_utensils/knife	Assets/Modern Villa/Prefabs/Props/Knife.prefab	(-7.975, 0.000, -2.963)	(-7.956, 0.006, -2.733)	(0.0, 0.0, 0.0)
Props/mv_tableware/mv_utensils/Large Antipasti Plate	Assets/Modern Villa/Prefabs/Props/LargeAntipastiPlate.prefab	(-7.909, 0.000, -2.661)	(-7.591, 0.017, -2.343)	(0.0, 0.0, 0.0)
Props/mv_tableware/mv_utensils/Large Plate	Assets/Modern Villa/Prefabs/Props/LargePlate.prefab	(-8.259, 0.000, -2.660)	(-7.941, 0.012, -2.342)	(0.0, 0.0, 0.0)
Props/mv_tableware/mv_utensils/Pasta plate	Assets/Modern Villa/Prefabs/Props/PastaPlate.prefab	(-8.606, 0.000, -2.654)	(-8.301, 0.060, -2.348)	(0.0, 0.0, 0.0)
Props/mv_tableware/mv_utensils/Pasta plate/PastaPlate	Assets/Modern Villa/Meshes/props/mv_PastaPlate.fbx	(-8.606, 0.000, -2.654)	(-8.301, 0.060, -2.348)	(0.0, 0.0, 0.0)
Props/mv_tableware/mv_utensils/red wine glas	Assets/Modern Villa/Prefabs/Props/RedWineGlas.prefab	(-8.010, 0.000, -3.200)	(-7.911, 0.225, -3.101)	(0.0, 0.0, 0.0)
Props/mv_tableware/mv_utensils/Small Plate	Assets/Modern Villa/Prefabs/Props/SmallPlate.prefab	(-8.852, 0.000, -2.585)	(-8.685, 0.012, -2.417)	(0.0, 0.0, 0.0)
Props/mv_tableware/mv_utensils/Small Plate/SmallPlate	Assets/Modern Villa/Meshes/props/mv_SmallPlate.fbx	(-8.852, 0.000, -2.585)	(-8.685, 0.012, -2.417)	(0.0, 0.0, 0.0)
Props/mv_tableware/mv_utensils/Soup bowl	Assets/Modern Villa/Prefabs/Props/SoupBowl.prefab	(-9.209, 0.000, -2.623)	(-8.965, 0.055, -2.379)	(0.0, 0.0, 0.0)
Props/mv_tableware/mv_utensils/Soup bowl/SoupBowl	Assets/Modern Villa/Meshes/props/mv_SoupBowl.fbx	(-9.209, 0.000, -2.623)	(-8.965, 0.055, -2.379)	(0.0, 0.0, 0.0)
Props/mv_tableware/mv_utensils/Spoon	Assets/Modern Villa/Prefabs/Props/Spoon.prefab	(-7.884, 0.001, -2.957)	(-7.827, 0.020, -2.723)	(0.0, 0.0, 0.0)
Props/mv_tableware/mv_utensils/white wine glas	Assets/Modern Villa/Prefabs/Props/WhiteWineGlas.prefab	(-7.793, 0.000, -3.193)	(-7.707, 0.200, -3.108)	(0.0, 0.0, 0.0)
Props/mv_tableware/mv_utensils/Placeholder	Assets/Modern Villa/Prefabs/Props/Placeholder.prefab	(-8.738, 0.003, -3.175)	(-8.174, 0.007, -2.732)	(0.0, 0.0, 0.0)
Props/paintings		(-3.994, -0.020, -2.680)	(0.500, 0.980, -2.660)	(0.0, 0.0, 0.0)
Props/paintings/Painting 1	Assets/Modern Villa/Prefabs/Props/PaintingA.prefab	(-0.500, 0.165, -2.680)	(0.500, 0.795, -2.660)	(0.0, 0.0, 0.0)
Props/paintings/Painting 2	Assets/Modern Villa/Prefabs/Props/PaintingB.prefab	(-1.205, 0.145, -2.680)	(-0.705, 0.815, -2.660)	(0.0, 0.0, 0.0)
Props/paintings/Painting 3	Assets/Modern Villa/Prefabs/Props/PaintingC.prefab	(-2.178, -0.020, -2.680)	(-1.418, 0.980, -2.660)	(0.0, 0.0, 0.0)
Props/paintings/Painting 4	Assets/Modern Villa/Prefabs/Props/PaintingD.prefab	(-3.994, -0.020, -2.680)	(-2.494, 0.980, -2.660)	(0.0, 0.0, 0.0)
Plants		(-19.252, -0.031, -4.525)	(-10.003, 3.002, -1.048)	(0.0, 0.0, 0.0)
Plants/mv_shrub	Assets/Modern Villa/Prefabs/Plants/Shrub.prefab	(-15.996, 0.000, -3.071)	(-14.956, 0.484, -1.968)	(0.0, 0.0, 0.0)
Plants/vase palm large	Assets/Modern Villa/Prefabs/Plants/VasePalmLarge.prefab	(-15.715, 0.000, -4.525)	(-11.464, 3.002, -1.048)	(0.0, 0.0, 0.0)
Plants/vase palm small	Assets/Modern Villa/Prefabs/Plants/VasePalmSmall.prefab	(-12.062, 0.000, -3.531)	(-10.003, 2.087, -1.419)	(0.0, 0.0, 0.0)
Plants/mv_plant_1	Assets/Modern Villa/Prefabs/Plants/PlantA.prefab	(-17.386, 0.000, -3.074)	(-16.069, 0.437, -1.954)	(0.0, 0.0, 0.0)
Plants/mv_ferns		(-19.252, -0.031, -2.917)	(-17.508, 0.397, -1.078)	(0.0, 0.0, 0.0)
Plants/mv_ferns/PlantB	Assets/Modern Villa/Prefabs/Plants/PlantB.prefab	(-18.498, -0.031, -1.973)	(-17.508, 0.397, -1.078)	(0.0, 0.0, 0.0)
Plants/mv_ferns/PlantC	Assets/Modern Villa/Prefabs/Plants/PlantC.prefab	(-18.414, -0.029, -2.917)	(-17.540, 0.320, -2.152)	(0.0, 0.0, 0.0)
Plants/mv_ferns/PlantD	Assets/Modern Villa/Prefabs/Plants/PlantD.prefab	(-19.252, -0.014, -2.852)	(-18.679, 0.200, -2.259)	(0.0, 0.0, 0.0)
Plants/mv_ferns/PlantE	Assets/Modern Villa/Prefabs/Plants/PlantE.prefab	(-19.224, -0.029, -1.811)	(-18.672, 0.258, -1.198)	(0.0, 0.0, 0.0)
Furniture		(-18.368, -0.012, -5.012)	(5.580, 2.512, 1.176)	(0.0, 0.0, 0.0)
Furniture/mv_couch_pool		(-6.363, 0.000, -0.502)	(-3.778, 0.706, 0.564)	(0.0, 0.0, 0.0)
Furniture/mv_couch_pool/couch pool corner	Assets/Modern Villa/Prefabs/furniture/CouchPoolCorner.prefab	(-6.363, 0.000, -0.502)	(-5.315, 0.706, 0.564)	(0.0, 180.0, 0.0)
Furniture/mv_couch_pool/couch pool straight	Assets/Modern Villa/Prefabs/furniture/CouchPoolStraight.prefab	(-4.888, 0.000, -0.498)	(-3.778, 0.701, 0.564)	(0.0, 180.0, 0.0)
Furniture/mv_lounger	Assets/Modern Villa/Prefabs/furniture/Lounger.prefab	(-2.944, 0.000, -1.004)	(-2.236, 0.627, 1.176)	(0.0, 0.0, 0.0)
Furniture/mv_roof_lamp	Assets/Modern Villa/Prefabs/lighting/RoofLamp.prefab	(-8.795, 0.000, -0.205)	(-8.385, 1.143, 0.205)	(0.0, 0.0, 0.0)
Furniture/mv_benches		(-17.065, 0.000, -0.375)	(-15.215, 0.650, 0.375)	(0.0, 0.0, 0.0)
Furniture/mv_benches/bench corner	Assets/Modern Villa/Prefabs/furniture/BenchCorner.prefab	(-15.965, 0.000, -0.375)	(-15.215, 0.650, 0.375)	(0.0, 0.0, 0.0)
Furniture/mv_benches/bench straight	Assets/Modern Villa/Prefabs/furniture/BenchStraight.prefab	(-17.065, 0.000, -0.375)	(-16.315, 0.650, 0.275)	(0.0, 0.0, 0.0)
Furniture/mv_garden_chair	Assets/Modern Villa/Prefabs/furniture/GardenChair.prefab	(-14.457, 0.000, -0.436)	(-13.723, 0.888, 0.294)	(0.0, 0.0, 0.0)
Furniture/mv_couch_table	Assets/Modern Villa/Prefabs/furniture/CouchTable.prefab	(-18.368, 0.000, -0.278)	(-17.812, 0.400, 0.278)	(0.0, 0.0, 0.0)
Furniture/mv_leather_seat	Assets/Modern Villa/Prefabs/furniture/LeatherSeat.prefab	(4.751, 0.001, -0.337)	(5.580, 0.787, 0.350)	(0.0, 0.0, 0.0)
Furniture/dining table	Assets/Modern Villa/Prefabs/furniture/DiningTable.prefab	(-12.196, 0.000, -0.518)	(-9.985, 0.782, 0.517)	(0.0, 0.0, 0.0)
Furniture/dining chair	Assets/Modern Villa/Prefabs/furniture/DiningChair.prefab	(-9.626, -0.008, -0.305)	(-9.054, 0.903, 0.193)	(0.0, 0.0, 0.0)
Furniture/curtains		(-3.237, -0.012, -5.012)	(4.220, 2.512, -4.516)	(0.0, 0.0, 0.0)
Furniture/curtains/Curtain	Assets/Modern Villa/Prefabs/Props/CurtainA.prefab	(-0.649, -0.002, -4.907)	(0.599, 2.502, -4.546)	(0.0, 0.0, 0.0)
Furniture/curtains/Curtain quarter	Assets/Modern Villa/Prefabs/Props/CurtainB.prefab	(-3.237, 0.035, -5.012)	(-2.626, 2.507, -4.516)	(0.0, 0.0, 0.0)
Furniture/curtains/Curtain semi	Assets/Modern Villa/Prefabs/Props/CurtainC.prefab	(-2.157, 0.019, -4.973)	(-1.215, 2.509, -4.560)	(0.0, 0.0, 0.0)
Furniture/curtains/CurtainD	Assets/Modern Villa/Prefabs/Props/CurtainD.prefab	(1.449, -0.003, -4.848)	(2.588, 2.512, -4.656)	(0.0, 90.0, 0.0)
Furniture/curtains/CurtainE	Assets/Modern Villa/Prefabs/Props/CurtainE.prefab	(3.768, -0.012, -4.840)	(4.220, 2.510, -4.690)	(0.0, 90.0, 0.0)
Furniture/mv_couches		(-0.385, 0.000, -0.482)	(4.460, 0.813, 0.487)	(0.0, 0.0, 0.0)
Furniture/mv_couches/leather couch corner	Assets/Modern Villa/Prefabs/furniture/LeatherCouchCorner.prefab	(0.777, 0.000, -0.480)	(1.738, 0.802, 0.487)	(0.0, 0.0, 0.0)
Furniture/mv_couches/leather couch straight	Assets/Modern Villa/Prefabs/furniture/LeatherCouchStraight.prefab	(-0.385, 0.000, -0.482)	(0.368, 0.813, 0.482)	(0.0, 0.0, 0.0)
Furniture/mv_couches/leather side element  r	Assets/Modern Villa/Prefabs/furniture/LeatherSideElementRight.prefab	(2.126, 0.000, -0.140)	(3.085, 0.600, 0.140)	(0.0, 0.0, 0.0)
Furniture/mv_couches/leather side element l	Assets/Modern Villa/Prefabs/furniture/LeatherSideElementLeft.prefab	(3.500, 0.000, -0.140)	(4.460, 0.600, 0.140)	(0.0, 0.0, 0.0)
Furniture/mv_pavillon_furniture		(1.776, 0.000, -2.607)	(3.469, 0.955, -1.492)	(0.0, 0.0, 0.0)
Furniture/mv_pavillon_furniture/pavillon_side_table	Assets/Modern Villa/Prefabs/furniture/PavillonSideTable.prefab	(1.776, 0.003, -2.213)	(2.201, 0.600, -1.787)	(0.0, 0.0, 0.0)
Furniture/mv_pavillon_furniture/seat	Assets/Modern Villa/Prefabs/furniture/PavillonSeat.prefab	(2.531, 0.000, -2.607)	(3.469, 0.955, -1.492)	(0.0, 0.0, 0.0)
Pavillons		(-13.561, 0.000, -30.421)	(3.561, 3.483, -26.799)	(0.0, 0.0, 0.0)
Pavillons/Pavillon 1	Assets/Modern Villa/Prefabs/Props/PavillonA.prefab	(-4.561, 0.000, -30.421)	(-0.939, 3.483, -26.799)	(0.0, 0.0, 0.0)
Pavillons/Pavillon 2	Assets/Modern Villa/Prefabs/Props/PavillonB.prefab	(-9.061, 0.000, -30.421)	(-5.439, 3.483, -26.799)	(0.0, 0.0, 0.0)
Pavillons/Pavillon 3	Assets/Modern Villa/Prefabs/Props/PavillonC.prefab	(-13.561, 0.000, -30.421)	(-9.939, 3.483, -26.799)	(0.0, 0.0, 0.0)
Pavillons/Pavillon open	Assets/Modern Villa/Prefabs/Props/PavillonOpen.prefab	(-0.061, 0.000, -30.421)	(3.561, 3.483, -26.799)	(0.0, 0.0, 0.0)
Building		(-41.400, -0.060, -24.500)	(1.498, 2.646, -7.860)	(0.0, 0.0, 0.0)
Building/Railings		(-18.780, 0.000, -15.797)	(-14.464, 0.827, -14.154)	(0.0, 0.0, 0.0)
Building/Railings/railing .5m	Assets/Modern Villa/Prefabs/railing/Railing.5m.prefab	(-16.591, 0.000, -14.785)	(-16.091, 0.827, -14.715)	(0.0, 0.0, 0.0)
Building/Railings/railing 1m	Assets/Modern Villa/Prefabs/railing/Railing1m.prefab	(-15.470, 0.000, -14.785)	(-14.470, 0.827, -14.715)	(0.0, 0.0, 0.0)
Building/Railings/railing 2m	Assets/Modern Villa/Prefabs/railing/Railing2m.prefab	(-16.470, 0.000, -15.785)	(-14.470, 0.827, -15.715)	(0.0, 0.0, 0.0)
Building/Railings/railing corner 1m	Assets/Modern Villa/Prefabs/railing/RailingCorner1m.prefab	(-18.780, 0.000, -15.732)	(-17.765, 0.827, -14.712)	(0.0, 0.0, 0.0)
Building/Railings/railing corner short	Assets/Modern Villa/Prefabs/railing/RailingCornerShort.prefab	(-17.233, 0.000, -15.797)	(-17.158, 0.827, -15.715)	(0.0, 0.0, 0.0)
Building/Railings/railing end 1m	Assets/Modern Villa/Prefabs/railing/RailingEnd1m.prefab	(-15.470, 0.000, -14.225)	(-14.464, 0.827, -14.154)	(0.0, 0.0, 0.0)
Building/Railings/railing end short	Assets/Modern Villa/Prefabs/railing/RailingEndShort.prefab	(-17.210, 0.000, -14.785)	(-17.144, 0.827, -14.715)	(0.0, 0.0, 0.0)
Building/Railings/railing  post	Assets/Modern Villa/Prefabs/railing/RailingPost.prefab	(-16.030, 0.000, -14.227)	(-15.970, 0.827, -14.156)	(0.0, 0.0, 0.0)
Building/pool		(-29.010, -0.060, -16.450)	(1.498, 1.270, -8.941)	(0.0, 0.0, 0.0)
Building/pool/Pool Bottom	Assets/Modern Villa/Prefabs/Pool/PoolBottom.prefab	(-18.000, 0.840, -11.940)	(-17.000, 0.940, -10.940)	(0.0, 0.0, 0.0)
Building/pool/pool corner bottom 1x1	Assets/Modern Villa/Prefabs/Pool/PoolCornerBottom1x1.prefab	(-19.000, 0.810, -11.449)	(-18.490, 0.940, -10.939)	(0.0, 0.0, 0.0)
Building/pool/pool corner bottom 2x2	Assets/Modern Villa/Prefabs/Pool/PoolCornerBottom2x2.prefab	(-22.000, 0.820, -12.443)	(-20.490, 0.940, -10.940)	(0.0, 0.0, 0.0)
Building/pool/pool corner bottom 3x3	Assets/Modern Villa/Prefabs/Pool/PoolCornerBottom3x3.prefab	(-26.000, 0.820, -13.450)	(-23.490, 0.940, -10.940)	(0.0, 0.0, 0.0)
Building/pool/Pool Corner side	Assets/Modern Villa/Prefabs/Pool/PoolCornerSide.prefab	(-10.000, -0.060, -14.940)	(-9.490, 0.940, -14.430)	(0.0, 0.0, 0.0)
Building/pool/pool corner side 1x1	Assets/Modern Villa/Prefabs/Pool/PoolCornerSide1x1.prefab	(-1.000, -0.060, -14.449)	(-0.490, 0.940, -13.939)	(0.0, 0.0, 0.0)
Building/pool/pool corner side 2x2	Assets/Modern Villa/Prefabs/Pool/PoolCornerSide2x2.prefab	(-4.000, -0.060, -15.443)	(-2.490, 0.940, -13.940)	(0.0, 0.0, 0.0)
Building/pool/pool corner side 3x3	Assets/Modern Villa/Prefabs/Pool/PoolCornerSide3x3.prefab	(-8.000, -0.060, -16.450)	(-5.490, 0.940, -13.940)	(0.0, 0.0, 0.0)
Building/pool/Pool Corner Top	Assets/Modern Villa/Prefabs/Pool/PoolCornerTop.prefab	(-3.500, -0.060, -10.940)	(-2.500, 0.960, -9.940)	(0.0, 0.0, 0.0)
Building/pool/pool corner top 1x1	Assets/Modern Villa/Prefabs/Pool/PoolCornerTop1x1.prefab	(-5.501, -0.060, -11.841)	(-4.500, 0.965, -10.839)	(0.0, 0.0, 0.0)
Building/pool/pool corner top 2x2	Assets/Modern Villa/Prefabs/Pool/PoolCornerTop2x2.prefab	(-8.000, -0.053, -12.933)	(-6.000, 0.967, -10.933)	(0.0, 0.0, 0.0)
Building/pool/pool corner top 3x3	Assets/Modern Villa/Prefabs/Pool/PoolCornerTop3x3.prefab	(-12.000, -0.060, -13.942)	(-9.000, 0.960, -10.940)	(0.0, 0.0, 0.0)
Building/pool/pool slide	Assets/Modern Villa/Prefabs/Pool/PoolSlide.prefab	(-14.000, 0.940, -11.940)	(-13.000, 1.270, -10.940)	(0.0, 0.0, 0.0)
Building/pool/pool straight side	Assets/Modern Villa/Prefabs/Pool/PoolStraightSide.prefab	(-11.500, -0.060, -13.950)	(-10.500, 0.940, -13.940)	(0.0, 0.0, 0.0)
Building/pool/pool straight top	Assets/Modern Villa/Prefabs/Pool/PoolStraightTop.prefab	(-16.498, -0.060, -11.940)	(-15.998, 0.960, -10.940)	(0.0, 270.0, 0.0)
Building/pool/Swimming Pool Steps	Assets/Modern Villa/Prefabs/Pool/SwimmingPoolSteps.prefab	(-1.502, -0.060, -12.939)	(1.498, 0.960, -8.941)	(0.0, 0.0, 0.0)
Building/pool/mv_pool_light	Assets/Modern Villa/Prefabs/lighting/PoolLight.prefab	(-3.065, 0.940, -9.255)	(-2.935, 0.990, -9.125)	(0.0, 0.0, 0.0)
Building/pool/pool slide block	Assets/Modern Villa/Prefabs/Pool/PoolSlideBlock.prefab	(-14.004, 0.940, -13.947)	(-13.004, 1.270, -12.947)	(0.0, 0.0, 0.0)
Building/pool/Pool Bottom side	Assets/Modern Villa/Prefabs/Pool/PoolBottomSide.prefab	(-18.000, 0.810, -12.440)	(-17.000, 0.940, -11.930)	(0.0, 0.0, 0.0)
Building/pool/Pool Bottom corner	Assets/Modern Villa/Prefabs/Pool/PoolBottomCorner.prefab	(-16.489, 0.810, -12.450)	(-15.979, 0.940, -11.940)	(0.0, 0.0, 0.0)
Building/pool/PoolCornerReverse	Assets/Modern Villa/Prefabs/Pool/PoolCornerReverse.prefab	(-28.001, -0.060, -11.690)	(-27.500, 0.960, -11.190)	(0.0, 0.0, 0.0)
Building/pool/PoolCornerSideReverse	Assets/Modern Villa/Prefabs/Pool/PoolCornerSideReverse.prefab	(-29.010, -0.060, -11.690)	(-28.500, 0.940, -11.180)	(0.0, 270.0, 0.0)
Building/wall interior		(-26.190, 0.000, -16.250)	(-21.190, 2.500, -16.085)	(0.0, 0.0, 0.0)
Building/wall interior/Wall inner 1x2,5	Assets/Modern Villa/Prefabs/Walls/WallInner1x2,5.prefab	(-26.190, 0.000, -16.250)	(-25.190, 2.500, -16.100)	(0.0, 0.0, 0.0)
Building/wall interior/Wall inner 1x2,5 door	Assets/Modern Villa/Prefabs/Walls/WallInner1x2,5Door.prefab	(-24.190, 0.000, -16.250)	(-23.190, 2.500, -16.085)	(0.0, 0.0, 0.0)
Building/wall interior/Wall inner 2x2,5 door	Assets/Modern Villa/Prefabs/Walls/WallInner2x2,5Door.prefab	(-23.190, 0.000, -16.250)	(-21.190, 2.500, -16.100)	(0.0, 0.0, 0.0)
Building/wall exterior		(-41.400, -0.004, -14.780)	(-21.250, 2.646, -13.100)	(0.0, 0.0, 0.0)
Building/wall exterior/Wall 2x2,5	Assets/Modern Villa/Prefabs/Walls/Wall2x2,5.prefab	(-23.250, 0.000, -14.250)	(-21.250, 2.500, -14.000)	(0.0, 0.0, 0.0)
Building/wall exterior/Wall 2x2,5 door double	Assets/Modern Villa/Prefabs/Walls/Wall2x2,5DoorDouble.prefab	(-26.250, 0.000, -14.250)	(-24.250, 2.500, -14.000)	(0.0, 0.0, 0.0)
Building/wall exterior/Wall 2x2,5 door single	Assets/Modern Villa/Prefabs/Walls/Wall2x2,5DoorSingle.prefab	(-32.250, 0.000, -14.250)	(-30.250, 2.500, -14.000)	(0.0, 0.0, 0.0)
Building/wall exterior/Wall 2x2,5.window	Assets/Modern Villa/Prefabs/Walls/Wall2x2,5Window.prefab	(-29.250, 0.000, -14.253)	(-27.250, 2.500, -14.000)	(0.0, 0.0, 0.0)
Building/wall exterior/Wall corner 2,5	Assets/Modern Villa/Prefabs/Walls/WallCorner2,5.prefab	(-33.000, 0.000, -14.250)	(-32.750, 2.500, -14.000)	(0.0, 0.0, 0.0)
Building/wall exterior/stairs	Assets/Modern Villa/Prefabs/Walls/Stairs.prefab	(-38.750, -0.004, -14.780)	(-35.250, 2.646, -13.780)	(0.0, 0.0, 0.0)
Building/wall exterior/mv_step_block	Assets/Modern Villa/Prefabs/floors/StepBlock.prefab	(-28.610, 0.000, -13.400)	(-27.610, 0.200, -13.100)	(0.0, 0.0, 0.0)
Building/wall exterior/Wall 2x2,5 door double Alternate	Assets/Modern Villa/Prefabs/Walls/AlternateWall2x2,5DoorDouble.prefab	(-41.400, 0.000, -14.250)	(-39.400, 2.500, -14.000)	(0.0, 0.0, 0.0)
Building/wall exterior/Wall 1x2,5	Assets/Modern Villa/Prefabs/Walls/Wall 1x2,5.prefab	(-34.500, 0.000, -14.250)	(-33.500, 2.500, -14.000)	(0.0, 0.0, 0.0)
Building/windows		(-28.000, 0.000, -10.000)	(-5.000, 2.500, -7.860)	(0.0, 0.0, 0.0)
Building/windows/Window straight	Assets/Modern Villa/Prefabs/Windows/WindowStraight.prefab	(-7.000, 0.000, -8.000)	(-5.000, 2.500, -7.860)	(0.0, 0.0, 0.0)
Building/windows/Window corner r	Assets/Modern Villa/Prefabs/Windows/WindowCornerRight.prefab	(-10.000, 0.000, -10.000)	(-7.860, 2.500, -7.860)	(0.0, 0.0, 0.0)
Building/windows/window corner l	Assets/Modern Villa/Prefabs/Windows/WindowCornerLeft.prefab	(-15.000, 0.000, -10.000)	(-12.860, 2.500, -7.860)	(0.0, 0.0, 0.0)
Building/windows/window corner	Assets/Modern Villa/Prefabs/Windows/WindowCorner.prefab	(-24.750, 0.000, -10.000)	(-22.610, 2.500, -7.860)	(0.0, 0.0, 0.0)
Building/windows/Window Door	Assets/Modern Villa/Prefabs/Windows/WindowDoor.prefab	(-22.000, 0.000, -8.143)	(-18.000, 2.500, -7.999)	(0.0, 0.0, 0.0)
Building/windows/Window straight onesided	Assets/Modern Villa/Prefabs/Windows/WindowStraightOnesided.prefab	(-28.000, 0.000, -8.000)	(-26.000, 2.500, -7.860)	(0.0, 0.0, 0.0)
Building/roofs		(-35.100, 0.000, -18.500)	(-17.500, 0.300, -16.400)	(0.0, 0.0, 0.0)
Building/roofs/Roof2x2corner	Assets/Modern Villa/Prefabs/roof/Roof2x2corner.prefab	(-19.600, 0.000, -18.500)	(-17.500, 0.300, -16.400)	(0.0, 0.0, 0.0)
Building/roofs/Roof2x2	Assets/Modern Villa/Prefabs/roof/Roof2x2.prefab	(-22.500, 0.000, -18.500)	(-20.500, 0.300, -16.500)	(0.0, 0.0, 0.0)
Building/roofs/Roof1x1Side	Assets/Modern Villa/Prefabs/roof/Roof1x1Side.prefab	(-27.600, 0.000, -18.500)	(-26.500, 0.300, -17.500)	(0.0, 0.0, 0.0)
Building/roofs/Roof2x2Side	Assets/Modern Villa/Prefabs/roof/Roof2x2Side.prefab	(-25.600, 0.000, -18.500)	(-23.500, 0.300, -16.500)	(0.0, 0.0, 0.0)
Building/roofs/Roof1x1Corner	Assets/Modern Villa/Prefabs/roof/Roof1x1Corner.prefab	(-29.600, 0.000, -18.500)	(-28.500, 0.300, -17.400)	(0.0, 0.0, 0.0)
Building/roofs/Roof1x1	Assets/Modern Villa/Prefabs/roof/Roof1x1.prefab	(-31.500, 0.000, -18.500)	(-30.500, 0.300, -17.500)	(0.0, 0.0, 0.0)
Building/roofs/Roof .2x.2	Assets/Modern Villa/Prefabs/roof/Roof.2x1.prefab	(-33.500, 0.000, -18.500)	(-32.500, 0.300, -18.270)	(0.0, 0.0, 0.0)
Building/roofs/Roof ,5x,5	Assets/Modern Villa/Prefabs/roof/Roof ,5x,5.prefab	(-33.000, 0.000, -17.750)	(-32.500, 0.300, -17.250)	(0.0, 0.0, 0.0)
Building/roofs/Roof ,5x,5 corner	Assets/Modern Villa/Prefabs/roof/Roof ,5x,5 corner.prefab	(-35.100, 0.000, -17.750)	(-34.500, 0.300, -17.150)	(0.0, 0.0, 0.0)
Building/roofs/Roof ,5x,5 side	Assets/Modern Villa/Prefabs/roof/Roof ,5x,5 side.prefab	(-34.000, 0.000, -17.750)	(-33.500, 0.300, -17.150)	(0.0, 0.0, 0.0)
Building/floors		(-19.000, 0.000, -24.500)	(0.500, 1.000, -22.500)	(0.0, 0.0, 0.0)
Building/floors/Floor 1x1	Assets/Modern Villa/Prefabs/floors/Floor1x1.prefab	(-0.500, 0.000, -24.000)	(0.500, 1.000, -23.000)	(0.0, 0.0, 0.0)
Building/floors/Floor 1x1 corner	Assets/Modern Villa/Prefabs/floors/Floor1x1Corner.prefab	(-4.500, 0.000, -24.000)	(-3.500, 1.000, -23.000)	(0.0, 0.0, 0.0)
Building/floors/Floor 1x1 corner low	Assets/Modern Villa/Prefabs/floors/Floor1x1CornerLow.prefab	(-6.500, 0.000, -24.000)	(-5.500, 0.300, -23.000)	(0.0, 0.0, 0.0)
Building/floors/Floor 1x1 low	Assets/Modern Villa/Prefabs/floors/Floor1x1Low.prefab	(-2.500, 0.000, -24.000)	(-1.500, 0.330, -23.000)	(0.0, 0.0, 0.0)
Building/floors/Floor 1x1 side	Assets/Modern Villa/Prefabs/floors/Floor1x1Side.prefab	(-8.501, 0.000, -24.000)	(-7.501, 1.000, -23.000)	(0.0, 0.0, 0.0)
Building/floors/Floor 1x1 side low	Assets/Modern Villa/Prefabs/floors/Floor1x1SideLow.prefab	(-10.501, 0.000, -24.000)	(-9.501, 0.300, -23.000)	(0.0, 0.0, 0.0)
Building/floors/Floor 2x2	Assets/Modern Villa/Prefabs/floors/Floor2x2.prefab	(-13.000, 0.000, -24.500)	(-11.000, 1.000, -22.500)	(0.0, 0.0, 0.0)
Building/floors/Floor 2x2 corner	Assets/Modern Villa/Prefabs/floors/Floor2x2Corner.prefab	(-19.000, 0.000, -24.500)	(-17.000, 1.000, -22.500)	(0.0, 0.0, 0.0)
Building/floors/Floor 2x2 side	Assets/Modern Villa/Prefabs/floors/Floor2x2Side.prefab	(-16.000, 0.000, -24.500)	(-14.000, 1.000, -22.500)	(0.0, 0.0, 0.0)
Building/mv_doors		(-30.815, 0.001, -8.913)	(-28.259, 1.994, -8.756)	(0.0, 0.0, 0.0)
Building/mv_doors/exterior Door	Assets/Modern Villa/Prefabs/Walls/ExteriorDoor.prefab	(-29.489, 0.001, -8.905)	(-28.259, 1.994, -8.762)	(0.0, 0.0, 0.0)
Building/mv_doors/interior door	Assets/Modern Villa/Prefabs/Walls/InteriorDoor.prefab	(-30.815, 0.001, -8.913)	(-30.176, 1.991, -8.756)	(0.0, 0.0, 0.0)
Bonus Spa Area		(4.593, -0.010, -26.700)	(15.861, 6.863, -6.750)	(0.0, 0.0, 0.0)
Bonus Spa Area/FloorLight off	Assets/Modern Villa/Prefabs/lighting/FloorLight off Variant.prefab	(7.209, 0.000, -7.791)	(7.291, 0.771, -7.709)	(0.0, 0.0, 0.0)
Bonus Spa Area/FloorLight on	Assets/Modern Villa/Prefabs/lighting/FloorLight on Variant.prefab	(7.459, 0.000, -7.791)	(7.541, 0.771, -7.709)	(0.0, 0.0, 0.0)
Bonus Spa Area/FloorLightB off	Assets/Modern Villa/Prefabs/lighting/FloorLightB off Variant.prefab	(7.700, 0.000, -7.800)	(7.800, 0.603, -7.700)	(0.0, 0.0, 0.0)
Bonus Spa Area/FloorLightB on	Assets/Modern Villa/Prefabs/lighting/FloorLightB on Variant.prefab	(7.950, 0.000, -7.800)	(8.050, 0.603, -7.700)	(0.0, 0.0, 0.0)
Bonus Spa Area/LoungerB	Assets/Modern Villa/Prefabs/furniture/LoungerB Variant.prefab	(5.764, 0.000, -12.768)	(12.236, 0.911, -10.232)	(0.0, 0.0, 0.0)
Bonus Spa Area/LoungerC	Assets/Modern Villa/Prefabs/furniture/LoungerC Variant.prefab	(8.550, 0.000, -9.250)	(10.950, 0.890, -6.750)	(0.0, 0.0, 0.0)
Bonus Spa Area/SpaPavillon	Assets/Modern Villa/Prefabs/buildings/SpaPavillon.prefab	(4.593, -0.004, -26.700)	(15.861, 6.863, -14.872)	(0.0, 0.0, 0.0)
Bonus Spa Area/Tablet	Assets/Modern Villa/Prefabs/Props/TabletB.prefab	(6.491, 0.000, -8.009)	(7.009, 0.046, -7.491)	(0.0, 0.0, 0.0)
Bonus Spa Area/TowelA	Assets/Modern Villa/Prefabs/Props/TowelA.prefab	(5.893, -0.010, -7.988)	(6.100, 0.182, -7.512)	(0.0, 0.0, 0.0)
Bonus Spa Area/SideTable	Assets/Modern Villa/Prefabs/furniture/SideTable Variant.prefab	(7.257, -0.004, -8.997)	(7.749, 0.666, -8.505)	(0.0, 0.0, 0.0)
Bonus Spa Area/DiningChair	Assets/Modern Villa/Prefabs/furniture/DiningChairB Variant.prefab	(5.975, 0.000, -9.151)	(6.525, 1.073, -8.498)	(0.0, 0.0, 0.0)
Bonus Spa Area/DiningTableA	Assets/Modern Villa/Prefabs/furniture/DiningTableB Variant.prefab	(11.757, -0.010, -8.245)	(14.743, 0.735, -7.255)	(0.0, 90.0, 0.0)
Bonus Spa Area/mv_BottleA	Assets/Modern Villa/Prefabs/Props/BottleA.prefab	(7.210, 0.000, -7.514)	(7.290, 0.117, -7.486)	(0.0, 0.0, 0.0)
Bonus 2		(-2.140, -0.090, 0.968)	(0.608, 0.795, 2.884)	(0.0, 0.0, 0.0)
Bonus 2/DecorativeBowl	Assets/Modern Villa/Prefabs/Props/DecorativeBowl.prefab	(-1.675, 0.000, 1.075)	(-1.325, 0.105, 1.425)	(0.0, 0.0, 0.0)
Bonus 2/JugA	Assets/Modern Villa/Prefabs/Props/JugA.prefab	(-1.847, 0.000, 1.409)	(-1.608, 0.314, 1.591)	(0.0, 0.0, 0.0)
Bonus 2/JugB	Assets/Modern Villa/Prefabs/Props/JugB.prefab	(-1.847, 0.000, 1.659)	(-1.608, 0.355, 1.842)	(0.0, 0.0, 0.0)
Bonus 2/CouchTableLamp	Assets/Modern Villa/Prefabs/lighting/CouchTableLamp.prefab	(-0.856, 0.000, 1.394)	(-0.644, 0.463, 1.606)	(0.0, 0.0, 0.0)
Bonus 2/CouchTableB	Assets/Modern Villa/Prefabs/furniture/CouchTableB.prefab	(-2.140, 0.001, 2.127)	(-1.367, 0.351, 2.877)	(0.0, 0.0, 0.0)
Bonus 2/Ashtray	Assets/Modern Villa/Prefabs/Props/Ashtray Variant.prefab	(-1.559, 0.000, 1.688)	(-1.439, 0.050, 1.808)	(0.0, 0.0, 0.0)
Bonus 2/BowlB	Assets/Modern Villa/Prefabs/Props/BowlB Variant.prefab	(-1.328, 0.000, 1.422)	(-1.172, 0.035, 1.578)	(0.0, 0.0, 0.0)
Bonus 2/LongSpoon	Assets/Modern Villa/Prefabs/Props/LongSpoon Variant.prefab	(-1.122, 0.007, 1.721)	(-1.096, 0.023, 2.001)	(0.0, 0.0, 0.0)
Bonus 2/Napkin	Assets/Modern Villa/Prefabs/Props/Napkin Variant.prefab	(-1.056, 0.000, 1.688)	(-0.945, 0.002, 1.800)	(0.0, 0.0, 0.0)
Bonus 2/OilVaseB	Assets/Modern Villa/Prefabs/Props/OilVaseB Variant.prefab	(-0.534, 0.007, 0.968)	(0.500, 0.795, 2.000)	(0.0, 0.0, 0.0)
Bonus 2/PillowC	Assets/Modern Villa/Prefabs/Props/PillowC Variant.prefab	(-1.265, -0.069, 2.114)	(-0.751, 0.102, 2.389)	(0.0, 0.0, 0.0)
Bonus 2/PillowD	Assets/Modern Villa/Prefabs/Props/PillowD Variant.prefab	(-1.375, -0.001, 2.585)	(-0.705, 0.144, 2.884)	(0.0, 0.0, 0.0)
Bonus 2/PillowE	Assets/Modern Villa/Prefabs/Props/PillowE Variant.prefab	(-0.646, 0.001, 2.078)	(-0.265, 0.138, 2.434)	(0.0, 0.0, 0.0)
Bonus 2/PillowF	Assets/Modern Villa/Prefabs/Props/PillowF Variant.prefab	(-0.603, -0.044, 2.645)	(-0.396, 0.044, 2.856)	(0.0, 0.0, 0.0)
Bonus 2/PillowG	Assets/Modern Villa/Prefabs/Props/PillowG Variant.prefab	(-0.114, -0.090, 2.071)	(0.608, 0.089, 2.434)	(0.0, 0.0, 0.0)
Bonus 3		(7.000, -0.012, -13.179)	(31.714, 6.177, 2.580)	(0.0, 0.0, 0.0)
Bonus 3/mv_stairsA		(7.000, 0.000, -2.201)	(11.020, 0.880, 0.020)	(0.0, 0.0, 0.0)
Bonus 3/mv_stairsA/StairsA	Assets/Modern Villa/Prefabs/floors/StairsA.prefab	(7.000, 0.000, -1.200)	(8.000, 0.880, 0.020)	(0.0, 0.0, 0.0)
Bonus 3/mv_stairsA/StairsA_Corner	Assets/Modern Villa/Prefabs/floors/StairsA_Corner.prefab	(9.000, 0.000, -2.201)	(11.020, 0.880, 0.020)	(0.0, 0.0, 0.0)
Bonus 3/mv_TerraceFloor		(12.000, 0.010, -2.000)	(18.000, 0.130, 0.000)	(0.0, 0.0, 0.0)
Bonus 3/mv_TerraceFloor/FloorSideplankLowA	Assets/Modern Villa/Prefabs/floors/FloorSideplankLowA.prefab	(15.000, 0.010, -2.000)	(16.000, 0.110, -1.900)	(0.0, 0.0, 0.0)
Bonus 3/mv_TerraceFloor/FloorSideplankLowB	Assets/Modern Villa/Prefabs/floors/FloorSideplankLowB.prefab	(15.000, 0.010, -1.000)	(16.097, 0.110, -0.900)	(0.0, 0.0, 0.0)
Bonus 3/mv_TerraceFloor/FloorSideplankLowC	Assets/Modern Villa/Prefabs/floors/FloorSideplankLowC.prefab	(16.903, 0.010, -1.000)	(18.000, 0.110, -0.900)	(0.0, 0.0, 0.0)
Bonus 3/mv_TerraceFloor/FloorSideplankLowD	Assets/Modern Villa/Prefabs/floors/FloorSideplankLowD.prefab	(15.000, 0.010, -0.100)	(15.997, 0.110, 0.000)	(0.0, 0.0, 0.0)
Bonus 3/mv_TerraceFloor/FloorSideplankLowE	Assets/Modern Villa/Prefabs/floors/FloorSideplankLowE.prefab	(17.003, 0.010, -0.100)	(18.000, 0.110, 0.000)	(0.0, 0.0, 0.0)
Bonus 3/mv_TerraceFloor/TerraceFloor200x200	Assets/Modern Villa/Prefabs/floors/TerraceFloor200x200.prefab	(12.000, 0.030, -2.000)	(14.000, 0.130, 0.000)	(0.0, 0.0, 0.0)
Bonus 3/mv_pillarA	Assets/Modern Villa/Prefabs/Props/PillarA.prefab	(15.162, 0.000, -4.558)	(15.438, 2.500, -4.282)	(0.0, 0.0, 0.0)
Bonus 3/mv_PillarB	Assets/Modern Villa/Prefabs/Props/PillarB.prefab	(16.973, 0.000, -4.747)	(17.627, 2.500, -4.093)	(0.0, 0.0, 0.0)
Bonus 3/CouchTableC	Assets/Modern Villa/Prefabs/furniture/CouchTableC.prefab	(11.475, 0.000, -3.525)	(12.525, 0.428, -2.475)	(0.0, 0.0, 0.0)
Bonus 3/mv_PalmC	Assets/Modern Villa/Prefabs/Plants/PalmC.prefab	(19.394, -0.003, -13.179)	(25.176, 5.457, -7.779)	(0.0, 0.0, 0.0)
Bonus 3/mv_PalmA	Assets/Modern Villa/Prefabs/Plants/PalmA.prefab	(24.405, -0.002, -9.931)	(28.666, 6.177, -5.911)	(0.0, 0.0, 0.0)
Bonus 3/mv_PalmB	Assets/Modern Villa/Prefabs/Plants/PalmB.prefab	(15.311, -0.004, -12.550)	(19.466, 4.390, -8.224)	(0.0, 0.0, 0.0)
Bonus 3/Planter	Assets/Modern Villa/Prefabs/Props/Planter.prefab	(24.609, 0.000, -8.140)	(25.610, 0.774, -7.139)	(0.0, 0.0, 0.0)
Bonus 3/CouchTableD	Assets/Modern Villa/Prefabs/furniture/CouchTableD.prefab	(16.803, -0.012, -2.201)	(17.201, 0.831, -1.803)	(0.0, 0.0, 0.0)
Bonus 3/CouchC	Assets/Modern Villa/Prefabs/furniture/CouchC.prefab	(19.637, 0.000, -5.851)	(20.744, 0.436, -4.390)	(0.0, 90.0, 0.0)
Bonus 3/FloorDecorationA	Assets/Modern Villa/Meshes/props/mv_FloorDecorationA.fbx	(18.700, 0.000, 1.700)	(19.300, 0.407, 2.300)	(0.0, 0.0, 0.0)
Bonus 3/FloorDecorationB	Assets/Modern Villa/Meshes/props/mv_FloorDecorationB.fbx	(18.731, 0.000, -0.269)	(19.269, 0.860, 0.269)	(0.0, 0.0, 0.0)
Bonus 3/FloorDecorationC	Assets/Modern Villa/Meshes/props/mv_FloorDecorationC.fbx	(18.700, 0.000, 0.700)	(19.300, 0.549, 1.300)	(0.0, 0.0, 0.0)
Bonus 3/LanternB	Assets/Modern Villa/Prefabs/Props/LanternB.prefab	(16.022, 0.000, 1.299)	(16.210, 0.538, 1.676)	(0.0, 0.0, 0.0)
Bonus 3/LanternC	Assets/Modern Villa/Prefabs/Props/LanternC.prefab	(15.512, 0.000, 1.510)	(15.809, 0.399, 1.679)	(0.0, 0.0, 0.0)
Bonus 3/VaseA	Assets/Modern Villa/Prefabs/Props/VaseA.prefab	(15.847, -0.001, 1.932)	(16.139, 0.474, 2.162)	(0.0, 0.0, 0.0)
Bonus 3/VaseB	Assets/Modern Villa/Prefabs/Props/VaseB.prefab	(29.312, -0.006, -8.056)	(30.621, 1.937, -6.848)	(0.0, 0.0, 0.0)
Bonus 3/VaseC	Assets/Modern Villa/Prefabs/Props/VaseC.prefab	(16.199, 0.000, 1.930)	(16.339, 0.644, 2.070)	(0.0, 0.0, 0.0)
Bonus 3/Jacuzzi	Assets/Modern Villa/Prefabs/Props/Jacuzzi.prefab	(20.850, 0.001, -3.150)	(23.150, 0.959, -0.850)	(0.0, 0.0, 0.0)
Bonus 3/LoungeChair	Assets/Modern Villa/Prefabs/furniture/LoungeChair.prefab	(23.684, 0.000, -2.302)	(24.277, 0.764, -1.708)	(0.0, 90.0, 0.0)
Bonus 3/CoffeeCupC	Assets/Modern Villa/Prefabs/Props/CoffeeCupC.prefab	(16.514, -0.003, 2.209)	(16.624, 0.088, 2.349)	(0.0, 0.0, 0.0)
Bonus 3/SaucerB	Assets/Modern Villa/Prefabs/Props/SaucerB.prefab	(16.194, 0.002, 2.213)	(16.349, 0.019, 2.368)	(0.0, 0.0, 0.0)
Bonus 3/CouchD	Assets/Modern Villa/Prefabs/furniture/CouchD.prefab	(25.007, 0.000, -5.570)	(27.151, 0.724, -4.656)	(0.0, 0.0, 0.0)
Bonus 3/CouchD	Assets/Modern Villa/Prefabs/furniture/CouchD Variant.prefab	(25.007, 0.000, -4.070)	(27.151, 0.724, -3.156)	(0.0, 0.0, 0.0)
Bonus 3/CouchD	Assets/Modern Villa/Prefabs/furniture/CouchD Variant 1.prefab	(25.007, 0.000, -2.570)	(27.151, 0.724, -1.656)	(0.0, 0.0, 0.0)
Bonus 3/CouchTableE	Assets/Modern Villa/Prefabs/furniture/CouchTableE.prefab	(17.569, -0.012, -2.279)	(17.967, 0.631, -1.881)	(0.0, 0.0, 0.0)
Bonus 3/CouchTableF	Assets/Modern Villa/Prefabs/furniture/CouchTableF.prefab	(18.296, 0.000, -2.830)	(19.696, 0.385, -1.430)	(0.0, 0.0, 0.0)
Bonus 3/mv_Books		(17.461, 0.000, 0.953)	(18.097, 0.375, 1.241)	(0.0, 0.0, 0.0)
Bonus 3/mv_Books/BookA	Assets/Modern Villa/Prefabs/Props/BookA.prefab	(18.067, 0.000, 1.040)	(18.097, 0.300, 1.238)	(0.0, 0.0, 0.0)
Bonus 3/mv_Books/BookB	Assets/Modern Villa/Prefabs/Props/BookB.prefab	(17.955, 0.000, 1.055)	(18.008, 0.246, 1.225)	(0.0, 0.0, 0.0)
Bonus 3/mv_Books/BookC	Assets/Modern Villa/Prefabs/Props/BookC.prefab	(17.867, 0.000, 0.953)	(17.897, 0.375, 1.241)	(0.0, 0.0, 0.0)
Bonus 3/mv_Books/BookD	Assets/Modern Villa/Prefabs/Props/BookD.prefab	(17.767, 0.000, 1.085)	(17.797, 0.204, 1.195)	(0.0, 0.0, 0.0)
Bonus 3/mv_Books/BookE	Assets/Modern Villa/Prefabs/Props/BookE.prefab	(17.640, 0.000, 1.041)	(17.724, 0.281, 1.239)	(0.0, 0.0, 0.0)
Bonus 3/mv_Books/BookF	Assets/Modern Villa/Prefabs/Props/BookF.prefab	(17.461, 0.000, 1.040)	(17.491, 0.300, 1.241)	(0.0, 0.0, 0.0)
Bonus 3/Basketball	Assets/Modern Villa/Prefabs/Props/Basketball.prefab	(15.426, -0.003, 2.006)	(15.625, 0.194, 2.204)	(0.0, 0.0, 0.0)
Bonus 3/CoffeePot	Assets/Modern Villa/Prefabs/Props/CoffeePot.prefab	(16.750, 0.000, 2.182)	(17.073, 0.263, 2.382)	(0.0, 0.0, 0.0)
Bonus 3/Flowers		(25.799, -0.011, -0.954)	(27.428, 0.156, -0.185)	(0.0, 0.0, 0.0)
Bonus 3/Flowers/mv_FlowerA	Assets/Modern Villa/Prefabs/Plants/FlowerA.prefab	(25.799, -0.001, -0.465)	(26.013, 0.156, -0.211)	(0.0, 0.0, 0.0)
Bonus 3/Flowers/mv_FlowerG	Assets/Modern Villa/Prefabs/Plants/FlowerG.prefab	(27.184, -0.009, -0.948)	(27.428, 0.148, -0.673)	(0.0, 0.0, 0.0)
Bonus 3/Flowers/mv_FlowerF	Assets/Modern Villa/Prefabs/Plants/FlowerF.prefab	(26.677, -0.011, -0.954)	(26.939, 0.148, -0.659)	(0.0, 0.0, 0.0)
Bonus 3/Flowers/mv_FlowerE	Assets/Modern Villa/Prefabs/Plants/FlowerE.prefab	(26.213, -0.002, -0.948)	(26.414, 0.150, -0.707)	(0.0, 0.0, 0.0)
Bonus 3/Flowers/mv_FlowerD	Assets/Modern Villa/Prefabs/Plants/FlowerD.prefab	(27.219, -0.001, -0.448)	(27.413, 0.149, -0.192)	(0.0, 0.0, 0.0)
Bonus 3/Flowers/mv_FlowerC	Assets/Modern Villa/Prefabs/Plants/FlowerC.prefab	(26.698, -0.004, -0.450)	(26.926, 0.149, -0.185)	(0.0, 0.0, 0.0)
Bonus 3/Flowers/mv_FlowerB	Assets/Modern Villa/Prefabs/Plants/FlowerB.prefab	(26.212, -0.006, -0.449)	(26.422, 0.151, -0.186)	(0.0, 0.0, 0.0)
Bonus 3/CarpetA	Assets/Modern Villa/Prefabs/Props/CarpetA.prefab	(27.531, 0.000, -3.968)	(31.531, 0.010, 0.032)	(0.0, 0.0, 0.0)
Bonus 3/PottedPlantA	Assets/Modern Villa/Prefabs/Plants/PottedPlantA.prefab	(30.522, 0.001, -8.303)	(31.714, 1.359, -7.104)	(0.0, 0.0, 0.0)
Bonus 3/PottedPlantB	Assets/Modern Villa/Prefabs/Plants/PottedPlantB.prefab	(28.341, 0.000, -8.645)	(29.688, 1.799, -7.431)	(0.0, 0.0, 0.0)
Bonus 3/PottedPlantC	Assets/Modern Villa/Prefabs/Plants/PottedPlantC.prefab	(16.539, 0.000, 1.077)	(17.056, 0.514, 1.571)	(0.0, 0.0, 0.0)
Bonus 3/Barbecue	Assets/Modern Villa/Prefabs/Props/Barbecue.prefab	(13.012, 0.009, -3.598)	(15.018, 1.530, -1.594)	(0.0, 0.0, 0.0)
Bonus 3/CarpetB	Assets/Modern Villa/Prefabs/Props/CarpetB.prefab	(29.120, 0.027, -6.490)	(31.120, 0.047, -4.490)	(0.0, 0.0, 0.0)
Bonus 3/CouchC Variant	Assets/Modern Villa/Prefabs/furniture/CouchC Variant.prefab	(22.977, 0.000, -5.795)	(24.084, 0.436, -4.334)	(0.0, 270.0, 0.0)
Bonus 3/CouchC Variant 1	Assets/Modern Villa/Prefabs/furniture/CouchC Variant 1.prefab	(21.209, 0.000, -5.748)	(22.315, 0.436, -4.286)	(0.0, 270.0, 0.0)
Bonus 3/Orange (1)	Assets/Modern Villa/Prefabs/Props/Orange.prefab	(15.898, -0.002, 2.358)	(15.998, 0.097, 2.456)	(0.0, 0.0, 0.0)
Bonus 3/Banana (1)	Assets/Modern Villa/Prefabs/Props/Banana.prefab	(15.738, 0.058, 2.411)	(15.875, 0.199, 2.580)	(0.0, 0.0, 0.0)
Bonus 3/Apple (1)	Assets/Modern Villa/Prefabs/Props/Apple.prefab	(15.496, 0.012, 2.360)	(15.564, 0.083, 2.427)	(0.0, 0.0, 0.0)
Bonus 3/Peach (1)	Assets/Modern Villa/Prefabs/Props/Peach.prefab	(15.320, 0.004, 2.310)	(15.388, 0.068, 2.378)	(0.0, 0.0, 0.0)
