path	size	center	renderers	colliders	LOD groups	missing materials
Assets/Modern Villa/Meshes/building/mv_doors.fbx	(2.557, 1.994, 0.197)	(-0.057, 0.997, -0.005)	3	0	0	0
Assets/Modern Villa/Meshes/building/mv_floors.fbx	(19.500, 1.000, 2.000)	(-9.250, 0.500, 0.000)	9	0	0	0
Assets/Modern Villa/Meshes/building/mv_glass_railing.fbx	(5.239, 1.198, 0.750)	(-2.244, 0.599, -0.350)	8	0	0	0
Assets/Modern Villa/Meshes/building/mv_pavillons.fbx	(17.123, 3.483, 3.623)	(-6.750, 1.742, 0.000)	4	0	0	0
Assets/Modern Villa/Meshes/building/mv_railing.fbx	(4.506, 0.827, 1.631)	(-2.217, 0.414, -0.220)	8	0	0	0
Assets/Modern Villa/Meshes/building/mv_roofs.fbx	(13.500, 2.650, 3.600)	(-6.250, 1.322, -0.700)	11	0	0	0
Assets/Modern Villa/Meshes/building/mv_SpaPavillon.fbx	(11.268, 6.867, 11.828)	(-0.023, 3.429, -0.036)	1	0	0	0
Assets/Modern Villa/Meshes/building/mv_stairsA.fbx	(3.020, 0.880, 2.221)	(-0.490, 0.440, -1.090)	2	0	0	0
Assets/Modern Villa/Meshes/building/mv_step_block.fbx	(1.000, 0.200, 0.300)	(-21.000, 0.100, 0.000)	1	0	0	0
Assets/Modern Villa/Meshes/building/mv_TerraceFloor.fbx	(3.000, 0.200, 2.100)	(-0.500, 0.000, -0.950)	6	0	0	0
Assets/Modern Villa/Meshes/building/mv_walls.fbx	(14.000, 2.500, 2.825)	(-6.000, 1.250, -1.163)	11	0	0	0
Assets/Modern Villa/Meshes/building/mv_WallSupportElement.fbx	(0.375, 2.500, 0.675)	(-7.938, 1.250, -2.713)	1	0	0	0
Assets/Modern Villa/Meshes/building/mv_windows.fbx	(19.070, 2.500, 2.142)	(-8.535, 1.250, -0.999)	15	0	0	0
Assets/Modern Villa/Meshes/furniture/mv_benches.fbx	(1.748, 0.650, 0.750)	(-0.499, 0.325, 0.000)	2	0	0	0
Assets/Modern Villa/Meshes/furniture/mv_couch_pool.fbx	(3.015, 0.706, 1.012)	(-0.991, 0.353, 0.021)	6	0	0	0
Assets/Modern Villa/Meshes/furniture/mv_couch_table.fbx	(0.557, 0.400, 0.557)	(0.000, 0.200, 0.000)	1	0	0	0
Assets/Modern Villa/Meshes/furniture/mv_CouchD.fbx	(2.144, 0.723, 0.914)	(-0.628, 0.132, -0.135)	4	0	1	0
Assets/Modern Villa/Meshes/furniture/mv_CouchTableB.fbx	(0.773, 0.351, 0.750)	(-0.004, 0.176, 0.002)	2	0	1	0
Assets/Modern Villa/Meshes/furniture/mv_CouchTableC.fbx	(1.050, 0.428, 1.050)	(0.000, 0.214, 0.000)	1	0	0	0
Assets/Modern Villa/Meshes/furniture/mv_CouchTableD.fbx	(0.398, 0.843, 0.398)	(0.002, 0.409, -0.002)	3	0	1	0
Assets/Modern Villa/Meshes/furniture/mv_CouchTableE.fbx	(0.398, 0.643, 0.398)	(0.002, 0.309, -0.002)	3	0	1	0
Assets/Modern Villa/Meshes/furniture/mv_CouchTableF.fbx	(1.400, 0.385, 1.400)	(0.000, 0.192, 0.000)	2	0	1	0
Assets/Modern Villa/Meshes/furniture/mv_dining_furniture.fbx	(3.639, 0.910, 1.035)	(-0.714, 0.448, -0.001)	2	0	0	0
Assets/Modern Villa/Meshes/furniture/mv_DiningChair.fbx	(0.550, 1.073, 0.653)	(0.000, 0.537, -0.074)	3	0	1	0
Assets/Modern Villa/Meshes/furniture/mv_DiningTableA.fbx	(0.989, 0.745, 2.986)	(0.000, 0.363, 0.000)	1	0	0	0
Assets/Modern Villa/Meshes/furniture/mv_garden_chair.fbx	(0.733, 0.888, 0.731)	(0.000, 0.444, -0.071)	1	0	0	0
Assets/Modern Villa/Meshes/furniture/mv_leather_couch.fbx	(4.947, 0.813, 0.964)	(2.089, 0.407, 0.000)	9	0	0	0
Assets/Modern Villa/Meshes/furniture/mv_leather_seat.fbx	(0.829, 0.786, 0.687)	(0.006, 0.394, 0.007)	2	0	0	0
Assets/Modern Villa/Meshes/furniture/mv_LoungeChair.fbx	(0.593, 0.764, 0.594)	(-0.020, 0.382, -0.005)	1	0	0	0
Assets/Modern Villa/Meshes/furniture/mv_lounger.fbx	(0.707, 0.627, 2.180)	(0.000, 0.313, 0.086)	3	0	0	0
Assets/Modern Villa/Meshes/furniture/mv_LoungerA.fbx	(2.400, 0.890, 2.500)	(0.000, 0.445, 0.000)	1	0	0	0
Assets/Modern Villa/Meshes/furniture/mv_LoungerB.fbx	(6.471, 0.911, 2.536)	(0.000, 0.455, -1.250)	2	0	1	0
Assets/Modern Villa/Meshes/furniture/mv_pavillon_furniture.fbx	(1.694, 0.955, 1.115)	(-0.377, 0.477, -0.049)	5	0	0	0
Assets/Modern Villa/Meshes/furniture/mv_SideTable.fbx	(0.493, 0.670, 0.493)	(0.003, 0.331, -0.001)	2	0	1	0
Assets/Modern Villa/Meshes/furniture/mv_Sofa.fbx	(1.461, 0.436, 1.107)	(0.000, 0.218, 0.000)	3	0	1	0
Assets/Modern Villa/Meshes/lighting/mv_CouchTableLamp.fbx	(0.212, 0.463, 0.211)	(0.000, 0.231, 0.000)	3	0	1	0
Assets/Modern Villa/Meshes/lighting/mv_FloorLight.fbx	(0.082, 0.771, 0.082)	(0.000, 0.385, 0.000)	1	0	0	0
Assets/Modern Villa/Meshes/lighting/mv_FloorLightB.fbx	(0.100, 0.603, 0.100)	(0.000, 0.302, 0.000)	1	0	0	0
Assets/Modern Villa/Meshes/lighting/mv_lantern.fbx	(0.150, 0.239, 0.150)	(-1.281, 0.120, 0.000)	1	0	0	0
Assets/Modern Villa/Meshes/lighting/mv_lights.fbx	(0.478, 0.224, 0.175)	(-0.194, 0.008, 0.043)	6	0	0	0
Assets/Modern Villa/Meshes/lighting/mv_pool_light.fbx	(0.130, 0.050, 0.130)	(0.000, 0.025, 0.000)	1	0	0	0
Assets/Modern Villa/Meshes/lighting/mv_roof_lamp.fbx	(0.410, 1.159, 0.410)	(0.000, 0.571, 0.000)	3	0	0	0
Assets/Modern Villa/Meshes/plants/mv_FlowerA.fbx	(0.214, 0.156, 0.254)	(0.026, 0.077, 0.003)	2	0	1	0
Assets/Modern Villa/Meshes/plants/mv_FlowerB.fbx	(0.210, 0.157, 0.263)	(0.027, 0.072, 0.008)	2	0	1	0
Assets/Modern Villa/Meshes/plants/mv_FlowerC.fbx	(0.227, 0.153, 0.265)	(0.022, 0.072, 0.008)	2	0	1	0
Assets/Modern Villa/Meshes/plants/mv_FlowerD.fbx	(0.194, 0.149, 0.257)	(0.025, 0.074, 0.005)	2	0	1	0
Assets/Modern Villa/Meshes/plants/mv_FlowerE.fbx	(0.201, 0.152, 0.240)	(0.023, 0.074, -0.002)	2	0	1	0
Assets/Modern Villa/Meshes/plants/mv_FlowerF.fbx	(0.262, 0.159, 0.295)	(0.018, 0.069, 0.019)	2	0	1	0
Assets/Modern Villa/Meshes/plants/mv_FlowerG.fbx	(0.244, 0.157, 0.276)	(0.016, 0.070, 0.015)	2	0	1	0
Assets/Modern Villa/Meshes/plants/mv_PalmA.fbx	(4.261, 6.179, 4.019)	(-0.395, 3.087, 0.029)	3	0	1	0
Assets/Modern Villa/Meshes/plants/mv_PalmB.fbx	(4.155, 4.395, 4.326)	(-4.212, 2.193, 0.073)	3	0	1	0
Assets/Modern Villa/Meshes/plants/mv_PalmC.fbx	(5.783, 5.459, 5.400)	(-0.685, 2.727, -0.759)	3	0	1	0
Assets/Modern Villa/Meshes/plants/mv_PlantA.fbx	(1.317, 0.436, 1.121)	(-0.007, 0.219, -0.014)	2	0	1	0
Assets/Modern Villa/Meshes/plants/mv_PlantB.fbx	(0.990, 0.428, 0.895)	(1.467, -0.067, -0.025)	2	0	1	0
Assets/Modern Villa/Meshes/plants/mv_PlantC.fbx	(0.874, 0.349, 0.765)	(-0.007, 0.146, -0.035)	2	0	1	0
Assets/Modern Villa/Meshes/plants/mv_PlantD.fbx	(0.573, 0.213, 0.593)	(0.004, 0.093, -0.055)	2	0	1	0
Assets/Modern Villa/Meshes/plants/mv_PlantE.fbx	(0.552, 0.287, 0.613)	(0.022, 0.115, -0.005)	2	0	1	0
Assets/Modern Villa/Meshes/plants/mv_PottedPlantA.fbx	(1.192, 1.358, 1.199)	(-0.031, 0.680, 0.038)	3	0	1	0
Assets/Modern Villa/Meshes/plants/mv_PottedPlantB.fbx	(1.348, 1.799, 1.214)	(0.031, 0.899, 0.004)	4	0	1	0
Assets/Modern Villa/Meshes/plants/mv_PottedPlantC.fbx	(0.517, 0.514, 0.493)	(-0.008, 0.257, -0.018)	3	0	1	0
Assets/Modern Villa/Meshes/plants/mv_PottedPlantD.fbx	(1.308, 1.942, 1.208)	(-0.033, 0.966, 0.048)	2	0	1	0
Assets/Modern Villa/Meshes/plants/mv_shrub.fbx	(1.040, 0.484, 1.103)	(0.015, 0.242, -0.019)	2	0	1	0
Assets/Modern Villa/Meshes/plants/mv_vases_palm.fbx	(6.462, 3.002, 3.477)	(-2.264, 1.501, -0.287)	2	0	0	0
Assets/Modern Villa/Meshes/pool/mv_pool.fbx	(27.498, 1.330, 7.509)	(-12.251, -0.335, -1.756)	25	0	0	0
Assets/Modern Villa/Meshes/pool/mv_pool_ladder.fbx	(0.576, 1.502, 0.356)	(0.000, -0.185, 0.140)	1	0	0	0
Assets/Modern Villa/Meshes/pool/mv_pool_shower.fbx	(1.933, 1.834, 0.620)	(-0.658, 0.912, 0.000)	1	0	0	0
Assets/Modern Villa/Meshes/props/mv_Apple.fbx	(0.067, 0.071, 0.066)	(0.000, 0.003, 0.001)	4	0	1	0
Assets/Modern Villa/Meshes/props/mv_Ashtray.fbx	(0.120, 0.050, 0.120)	(0.001, 0.025, -0.002)	3	0	1	0
Assets/Modern Villa/Meshes/props/mv_Banana.fbx	(0.136, 0.141, 0.168)	(0.009, -0.064, 0.050)	4	0	1	0
Assets/Modern Villa/Meshes/props/mv_Barbecue.fbx	(1.761, 1.521, 0.785)	(0.000, 0.666, 0.057)	14	0	1	0
Assets/Modern Villa/Meshes/props/mv_Basketball.fbx	(0.198, 0.197, 0.198)	(0.000, 0.000, 0.000)	3	0	1	0
Assets/Modern Villa/Meshes/props/mv_Books.fbx	(0.635, 0.375, 0.288)	(-0.303, 0.188, -0.042)	6	0	0	0
Assets/Modern Villa/Meshes/props/mv_BottleA.fbx	(0.080, 0.117, 0.027)	(0.000, 0.058, 0.000)	2	0	0	0
Assets/Modern Villa/Meshes/props/mv_BowlB.fbx	(0.156, 0.035, 0.156)	(0.000, 0.018, 0.000)	3	0	1	0
Assets/Modern Villa/Meshes/props/mv_candle.fbx	(0.090, 0.120, 0.090)	(0.000, 0.060, 0.000)	4	0	1	0
Assets/Modern Villa/Meshes/props/mv_CarpetA.fbx	(4.000, 0.010, 4.000)	(0.000, 0.005, 0.000)	1	0	0	0
Assets/Modern Villa/Meshes/props/mv_CarpetB.fbx	(2.000, 0.020, 2.000)	(0.000, 0.000, 0.000)	1	0	0	0
Assets/Modern Villa/Meshes/props/mv_Chandelier.fbx	(0.435, 0.322, 0.101)	(-0.001, 0.161, 0.000)	3	0	1	0
Assets/Modern Villa/Meshes/props/mv_CoffeeCup.fbx	(0.109, 0.090, 0.139)	(0.000, 0.042, -0.015)	4	0	1	0
Assets/Modern Villa/Meshes/props/mv_CoffeePot.fbx	(0.322, 0.263, 0.200)	(-0.011, 0.132, 0.000)	3	0	1	0
Assets/Modern Villa/Meshes/props/mv_couch_pillows.fbx	(1.088, 0.327, 0.154)	(-0.330, 0.554, -0.313)	2	0	0	0
Assets/Modern Villa/Meshes/props/mv_CurtainD.fbx	(0.192, 2.516, 1.139)	(-0.008, -1.246, 0.018)	4	0	1	0
Assets/Modern Villa/Meshes/props/mv_CurtainE.fbx	(0.149, 2.522, 0.452)	(0.005, -1.251, -0.006)	4	0	1	0
Assets/Modern Villa/Meshes/props/mv_curtains.fbx	(3.836, 2.510, 0.496)	(-1.319, 1.253, -0.004)	3	0	0	0
Assets/Modern Villa/Meshes/props/mv_DecorativeBowl.fbx	(0.350, 0.105, 0.350)	(0.000, 0.052, 0.000)	3	0	1	0
Assets/Modern Villa/Meshes/props/mv_fire_box.fbx	(0.600, 0.275, 0.200)	(0.000, 0.138, 0.000)	2	0	0	0
Assets/Modern Villa/Meshes/props/mv_firebowl.fbx	(0.794, 0.250, 1.223)	(0.000, 0.095, -0.215)	3	0	0	0
Assets/Modern Villa/Meshes/props/mv_FloorDecorationA.fbx	(0.600, 0.407, 0.600)	(0.000, 0.204, 0.000)	3	0	1	0
Assets/Modern Villa/Meshes/props/mv_FloorDecorationB.fbx	(0.538, 0.860, 0.538)	(0.000, 0.430, 0.000)	3	0	1	0
Assets/Modern Villa/Meshes/props/mv_FloorDecorationC.fbx	(0.600, 0.549, 0.600)	(0.000, 0.274, 0.000)	3	0	1	0
Assets/Modern Villa/Meshes/props/mv_grand_sunshade.fbx	(3.008, 2.242, 3.473)	(0.006, 1.121, 1.227)	2	0	0	0
Assets/Modern Villa/Meshes/props/mv_Jacuzzi.fbx	(2.300, 0.958, 2.300)	(0.000, 0.480, 0.000)	4	0	1	0
Assets/Modern Villa/Meshes/props/mv_JugA.fbx	(0.239, 0.314, 0.183)	(0.022, 0.157, 0.000)	3	0	1	0
Assets/Modern Villa/Meshes/props/mv_JugB.fbx	(0.239, 0.355, 0.183)	(0.022, 0.177, 0.000)	3	0	1	0
Assets/Modern Villa/Meshes/props/mv_LanternB.fbx	(0.189, 0.538, 0.377)	(0.000, 0.269, -0.092)	3	0	1	0
Assets/Modern Villa/Meshes/props/mv_LanternC.fbx	(0.169, 0.399, 0.297)	(-1.995, 0.200, -0.067)	3	0	1	0
Assets/Modern Villa/Meshes/props/mv_LargeAntipastiPlate.fbx	(0.318, 0.017, 0.318)	(0.000, 0.009, -0.001)	2	0	1	0
Assets/Modern Villa/Meshes/props/mv_LargePlate.fbx	(0.318, 0.012, 0.318)	(0.000, 0.006, 0.000)	2	0	1	0
Assets/Modern Villa/Meshes/props/mv_LongSpoon.fbx	(0.026, 0.016, 0.280)	(0.000, -0.001, -0.139)	3	0	1	0
Assets/Modern Villa/Meshes/props/mv_Napkin.fbx	(0.110, 0.002, 0.112)	(-0.001, 0.001, -0.006)	1	0	0	0
Assets/Modern Villa/Meshes/props/mv_oil_vase.fbx	(1.128, 1.000, 1.128)	(0.000, 0.500, 0.000)	3	0	1	0
Assets/Modern Villa/Meshes/props/mv_OilVaseB.fbx	(1.034, 0.789, 1.032)	(-0.017, 0.401, -0.016)	3	0	1	0
Assets/Modern Villa/Meshes/props/mv_Orange.fbx	(0.099, 0.099, 0.098)	(-0.002, -0.002, -0.001)	4	0	1	0
Assets/Modern Villa/Meshes/props/mv_paintings.fbx	(4.494, 1.000, 0.020)	(-1.747, 0.000, 0.010)	4	0	0	0
Assets/Modern Villa/Meshes/props/mv_PastaPlate.fbx	(0.305, 0.059, 0.306)	(0.000, 0.030, 0.000)	2	0	1	0
Assets/Modern Villa/Meshes/props/mv_Peach.fbx	(0.068, 0.064, 0.068)	(0.001, 0.032, -0.001)	4	0	1	0
Assets/Modern Villa/Meshes/props/mv_pillarA.fbx	(0.275, 2.500, 0.275)	(0.000, 1.250, 0.000)	2	0	1	0
Assets/Modern Villa/Meshes/props/mv_PillarB.fbx	(0.653, 2.500, 0.654)	(0.000, 1.250, 0.000)	3	0	1	0
Assets/Modern Villa/Meshes/props/mv_pillow_seat.fbx	(0.369, 0.066, 0.369)	(0.000, 0.029, 0.000)	1	0	0	0
Assets/Modern Villa/Meshes/props/mv_PillowC.fbx	(0.514, 0.171, 0.275)	(-0.008, 0.016, 0.002)	3	0	1	0
Assets/Modern Villa/Meshes/props/mv_PillowD.fbx	(0.670, 0.146, 0.299)	(-0.040, 0.072, -0.015)	3	0	1	0
Assets/Modern Villa/Meshes/props/mv_PillowE.fbx	(0.381, 0.137, 0.355)	(0.045, 0.069, 0.006)	3	0	1	0
Assets/Modern Villa/Meshes/props/mv_PillowF.fbx	(0.207, 0.088, 0.211)	(0.000, 0.000, 0.000)	3	0	1	0
Assets/Modern Villa/Meshes/props/mv_PillowG.fbx	(0.722, 0.179, 0.363)	(-0.003, 0.000, 0.002)	3	0	1	0
Assets/Modern Villa/Meshes/props/mv_Planter.fbx	(1.001, 0.774, 1.001)	(0.000, 0.387, 0.001)	3	0	1	0
Assets/Modern Villa/Meshes/props/mv_Saucer.fbx	(0.155, 0.017, 0.155)	(0.001, 0.007, -0.001)	4	0	1	0
Assets/Modern Villa/Meshes/props/mv_SmallPlate.fbx	(0.167, 0.012, 0.167)	(0.000, 0.006, 0.000)	2	0	1	0
Assets/Modern Villa/Meshes/props/mv_SoupBowl.fbx	(0.244, 0.055, 0.244)	(0.000, 0.027, 0.000)	3	0	1	0
Assets/Modern Villa/Meshes/props/mv_stone boxes.fbx	(16.000, 0.700, 3.500)	(-6.000, 0.350, -0.750)	6	0	0	0
Assets/Modern Villa/Meshes/props/mv_sunshade.fbx	(3.000, 2.565, 3.000)	(0.000, 1.175, 0.000)	1	0	0	0
Assets/Modern Villa/Meshes/props/mv_Tablet.fbx	(0.517, 0.045, 0.517)	(0.000, 0.023, 0.000)	2	0	1	0
Assets/Modern Villa/Meshes/props/mv_tableware.fbx	(1.576, 0.241, 0.360)	(-0.568, 0.119, 0.000)	7	0	0	0
Assets/Modern Villa/Meshes/props/mv_TowelA.fbx	(0.207, 0.192, 0.477)	(-0.004, -0.003, 0.000)	2	0	1	0
Assets/Modern Villa/Meshes/props/mv_utensils.fbx	(1.619, 0.243, 0.858)	(-0.650, 0.104, -0.271)	11	0	0	0
Assets/Modern Villa/Meshes/props/mv_VaseA.fbx	(0.292, 0.475, 0.230)	(-0.007, 0.237, 0.047)	2	0	1	0
Assets/Modern Villa/Meshes/props/mv_VaseB.fbx	(0.140, 0.644, 0.140)	(0.000, 0.322, 0.000)	2	0	1	0
Assets/Modern Villa/Prefabs/buildings/BuildingA.prefab	(6.700, 5.600, 14.200)	(-4.250, 2.800, 5.500)	176	206	0	0
Assets/Modern Villa/Prefabs/buildings/BuildingB.prefab	(9.588, 5.554, 17.850)	(0.206, 3.023, 4.175)	213	188	0	0
Assets/Modern Villa/Prefabs/buildings/BuildingC.prefab	(8.228, 2.800, 20.200)	(-3.736, 1.400, 1.500)	94	76	0	0
Assets/Modern Villa/Prefabs/buildings/Pool.prefab	(13.000, 1.696, 18.000)	(0.500, -0.252, -9.000)	250	250	0	0
Assets/Modern Villa/Prefabs/buildings/PoolA.prefab	(5.000, 1.120, 6.000)	(0.500, -0.540, -0.250)	48	48	0	0
Assets/Modern Villa/Prefabs/buildings/PoolB.prefab	(16.001, 3.966, 11.010)	(-6.501, 0.732, 0.755)	166	161	0	0
Assets/Modern Villa/Prefabs/buildings/SpaPavillon.prefab	(11.268, 6.867, 11.828)	(-0.023, 3.429, -0.036)	1	1	0	0
Assets/Modern Villa/Prefabs/floors/Floor1x1.prefab	(1.000, 1.000, 1.000)	(0.000, 0.500, 0.000)	1	1	0	0
Assets/Modern Villa/Prefabs/floors/Floor1x1Corner.prefab	(1.000, 1.000, 1.000)	(0.000, 0.500, 0.000)	1	1	0	0
Assets/Modern Villa/Prefabs/floors/Floor1x1CornerLow.prefab	(1.000, 0.300, 1.000)	(0.000, 0.150, 0.000)	1	1	0	0
Assets/Modern Villa/Prefabs/floors/Floor1x1Low.prefab	(1.000, 0.330, 1.000)	(0.000, 0.165, 0.000)	1	1	0	0
Assets/Modern Villa/Prefabs/floors/Floor1x1Side.prefab	(1.000, 1.000, 1.000)	(-0.001, 0.500, 0.000)	1	1	0	0
Assets/Modern Villa/Prefabs/floors/Floor1x1SideLow.prefab	(1.000, 0.300, 1.000)	(-0.001, 0.150, 0.000)	1	1	0	0
Assets/Modern Villa/Prefabs/floors/Floor2x2.prefab	(2.000, 1.000, 2.000)	(0.000, 0.500, 0.000)	1	1	0	0
Assets/Modern Villa/Prefabs/floors/Floor2x2Corner.prefab	(2.000, 1.000, 2.000)	(0.000, 0.500, 0.000)	1	1	0	0
Assets/Modern Villa/Prefabs/floors/Floor2x2Side.prefab	(2.000, 1.000, 2.000)	(0.000, 0.500, 0.000)	1	1	0	0
Assets/Modern Villa/Prefabs/floors/FloorSideplankLowA.prefab	(1.000, 0.100, 0.100)	(-0.500, -0.050, 0.050)	1	1	0	0
Assets/Modern Villa/Prefabs/floors/FloorSideplankLowB.prefab	(1.097, 0.100, 0.100)	(-0.452, -0.050, 0.050)	1	1	0	0
Assets/Modern Villa/Prefabs/floors/FloorSideplankLowC.prefab	(1.097, 0.100, 0.100)	(0.452, -0.050, 0.050)	1	1	0	0
Assets/Modern Villa/Prefabs/floors/FloorSideplankLowD.prefab	(0.997, 0.100, 0.100)	(-0.502, -0.050, -0.050)	1	1	0	0
Assets/Modern Villa/Prefabs/floors/FloorSideplankLowE.prefab	(0.997, 0.100, 0.100)	(0.502, -0.050, -0.050)	1	1	0	0
Assets/Modern Villa/Prefabs/floors/StairsA.prefab	(1.000, 0.880, 1.220)	(-0.500, 0.440, -0.590)	1	1	0	0
Assets/Modern Villa/Prefabs/floors/StairsA_Corner.prefab	(2.020, 0.880, 2.221)	(0.010, 0.440, -1.090)	1	0	0	0
Assets/Modern Villa/Prefabs/floors/StepBlock.prefab	(1.000, 0.200, 0.300)	(0.000, 0.100, 0.000)	1	1	0	0
Assets/Modern Villa/Prefabs/floors/TerraceFloor200x200.prefab	(2.000, 0.100, 2.000)	(-1.000, 0.050, -1.000)	1	0	0	0
Assets/Modern Villa/Prefabs/furniture/bench corner Variant.prefab	(0.754, 1.851, 0.755)	(-0.002, 0.926, 0.002)	3	2	0	0
Assets/Modern Villa/Prefabs/furniture/bench straight Variant.prefab	(0.750, 1.848, 0.650)	(0.000, 0.924, -0.050)	3	4	0	0
Assets/Modern Villa/Prefabs/furniture/BenchCorner.prefab	(0.750, 0.650, 0.750)	(0.000, 0.325, 0.000)	1	1	0	0
Assets/Modern Villa/Prefabs/furniture/BenchStraight.prefab	(0.750, 0.650, 0.650)	(0.000, 0.325, -0.050)	1	1	0	0
Assets/Modern Villa/Prefabs/furniture/Couch Group A.prefab	(3.087, 0.718, 4.027)	(-1.982, 0.359, 0.238)	27	11	0	0
Assets/Modern Villa/Prefabs/furniture/Couch Group B.prefab	(2.745, 0.813, 3.449)	(-0.110, 0.407, -0.244)	23	9	0	0
Assets/Modern Villa/Prefabs/furniture/CouchC Variant 1.prefab	(1.461, 0.436, 1.107)	(0.000, 0.218, 0.000)	3	1	1	0
Assets/Modern Villa/Prefabs/furniture/CouchC Variant.prefab	(1.461, 0.436, 1.107)	(0.000, 0.218, 0.000)	3	1	1	0
Assets/Modern Villa/Prefabs/furniture/CouchC.prefab	(1.461, 0.436, 1.107)	(0.000, 0.218, 0.000)	3	1	1	0
Assets/Modern Villa/Prefabs/furniture/CouchD Variant 1.prefab	(2.144, 0.723, 0.914)	(-0.003, 0.362, -0.042)	4	4	1	0
Assets/Modern Villa/Prefabs/furniture/CouchD Variant.prefab	(2.144, 0.723, 0.914)	(-0.003, 0.362, -0.042)	4	4	1	0
Assets/Modern Villa/Prefabs/furniture/CouchD.prefab	(2.144, 0.723, 0.914)	(-0.003, 0.362, -0.042)	4	4	1	0
Assets/Modern Villa/Prefabs/furniture/CouchPoolCorner.prefab	(1.048, 0.706, 1.066)	(-0.001, 0.353, -0.031)	3	1	0	0
Assets/Modern Villa/Prefabs/furniture/CouchPoolStraight.prefab	(1.110, 0.701, 1.062)	(-0.007, 0.351, -0.033)	3	1	0	0
Assets/Modern Villa/Prefabs/furniture/CouchTable.prefab	(0.557, 0.400, 0.557)	(0.000, 0.200, 0.000)	1	1	0	0
Assets/Modern Villa/Prefabs/furniture/CouchTableB.prefab	(0.773, 0.351, 0.750)	(-0.004, 0.176, 0.002)	2	1	1	0
Assets/Modern Villa/Prefabs/furniture/CouchTableC.prefab	(1.050, 0.428, 1.050)	(0.000, 0.214, 0.000)	1	1	0	0
Assets/Modern Villa/Prefabs/furniture/CouchTableD.prefab	(0.398, 0.843, 0.398)	(0.002, 0.409, -0.002)	3	1	1	0
Assets/Modern Villa/Prefabs/furniture/CouchTableE.prefab	(0.398, 0.643, 0.398)	(0.002, 0.309, -0.002)	3	1	1	0
Assets/Modern Villa/Prefabs/furniture/CouchTableF.prefab	(1.400, 0.385, 1.400)	(0.000, 0.192, 0.000)	2	1	1	0
Assets/Modern Villa/Prefabs/furniture/DiningChair.prefab	(0.572, 0.910, 0.498)	(0.000, 0.448, -0.056)	1	1	0	0
Assets/Modern Villa/Prefabs/furniture/DiningChairB Variant.prefab	(0.550, 1.073, 0.653)	(0.000, 0.537, -0.074)	3	1	1	0
Assets/Modern Villa/Prefabs/furniture/DiningTable.prefab	(2.211, 0.782, 1.035)	(0.000, 0.391, -0.001)	1	1	0	0
Assets/Modern Villa/Prefabs/furniture/DiningTableB Variant.prefab	(0.989, 0.745, 2.986)	(0.000, 0.363, 0.000)	1	1	0	0
Assets/Modern Villa/Prefabs/furniture/GardenChair.prefab	(0.733, 0.888, 0.731)	(0.000, 0.444, -0.071)	1	1	0	0
Assets/Modern Villa/Prefabs/furniture/LeatherCouchCorner.prefab	(0.961, 0.802, 0.967)	(0.001, 0.401, 0.004)	2	1	0	0
Assets/Modern Villa/Prefabs/furniture/LeatherCouchStraight.prefab	(0.753, 0.813, 0.964)	(0.000, 0.407, 0.000)	3	1	0	0
Assets/Modern Villa/Prefabs/furniture/LeatherSeat.prefab	(0.829, 0.786, 0.687)	(0.006, 0.394, 0.007)	2	1	0	0
Assets/Modern Villa/Prefabs/furniture/LeatherSideElementLeft.prefab	(0.960, 0.600, 0.280)	(0.000, 0.300, 0.000)	2	1	0	0
Assets/Modern Villa/Prefabs/furniture/LeatherSideElementRight.prefab	(0.960, 0.600, 0.280)	(0.000, 0.300, 0.000)	2	1	0	0
Assets/Modern Villa/Prefabs/furniture/LoungeChair.prefab	(0.594, 0.764, 0.593)	(0.005, 0.382, -0.020)	1	1	0	0
Assets/Modern Villa/Prefabs/furniture/Lounger.prefab	(0.707, 0.627, 2.180)	(0.000, 0.313, 0.086)	3	1	0	0
Assets/Modern Villa/Prefabs/furniture/LoungerB Variant.prefab	(6.471, 0.911, 2.536)	(0.000, 0.455, 0.000)	2	1	1	0
Assets/Modern Villa/Prefabs/furniture/LoungerC Variant.prefab	(2.400, 0.890, 2.500)	(0.000, 0.445, 0.000)	1	1	0	0
Assets/Modern Villa/Prefabs/furniture/PavillonSeat.prefab	(0.939, 0.955, 1.115)	(0.000, 0.477, -0.049)	4	4	0	0
Assets/Modern Villa/Prefabs/furniture/PavillonSideTable.prefab	(0.425, 0.597, 0.425)	(0.000, 0.299, 0.000)	1	1	0	0
Assets/Modern Villa/Prefabs/furniture/PillowA.prefab	(0.325, 0.056, 0.325)	(0.000, 0.000, 0.000)	1	1	0	0
Assets/Modern Villa/Prefabs/furniture/PillowB.prefab	(0.555, 0.056, 0.316)	(0.000, 0.000, 0.000)	1	1	0	0
Assets/Modern Villa/Prefabs/furniture/SideTable Variant.prefab	(0.493, 0.670, 0.493)	(0.003, 0.331, -0.001)	2	1	1	0
Assets/Modern Villa/Prefabs/lighting/Candle.prefab	(0.090, 0.120, 0.090)	(0.000, 0.060, 0.000)	4	5	1	0
Assets/Modern Villa/Prefabs/lighting/CouchClipOutdoor.prefab	(0.100, 0.100, 0.015)	(0.000, 0.050, 0.002)	2	1	0	0
Assets/Modern Villa/Prefabs/lighting/CouchTableLamp.prefab	(0.212, 0.463, 0.211)	(0.000, 0.231, 0.000)	3	4	1	0
Assets/Modern Villa/Prefabs/lighting/FloorLight off Variant.prefab	(0.082, 0.771, 0.082)	(0.000, 0.385, 0.000)	1	1	0	0
Assets/Modern Villa/Prefabs/lighting/FloorLight on Variant.prefab	(0.082, 0.771, 0.082)	(0.000, 0.385, 0.000)	1	1	0	0
Assets/Modern Villa/Prefabs/lighting/FloorLightB off Variant.prefab	(0.100, 0.603, 0.100)	(0.000, 0.302, 0.000)	1	1	0	0
Assets/Modern Villa/Prefabs/lighting/FloorLightB on Variant.prefab	(0.100, 0.603, 0.100)	(0.000, 0.302, 0.000)	1	1	0	0
Assets/Modern Villa/Prefabs/lighting/PoolLight.prefab	(0.130, 0.050, 0.130)	(0.000, 0.025, 0.000)	1	1	0	0
Assets/Modern Villa/Prefabs/lighting/RoofLamp.prefab	(0.410, 1.143, 0.410)	(0.000, 0.406, 0.000)	3	1	0	0
Assets/Modern Villa/Prefabs/lighting/WallLight.prefab	(0.104, 0.208, 0.130)	(0.000, 0.000, 0.065)	2	1	0	0
Assets/Modern Villa/Prefabs/Plants/FlowerA.prefab	(0.214, 0.156, 0.254)	(0.026, 0.077, 0.003)	2	1	1	0
Assets/Modern Villa/Prefabs/Plants/FlowerB.prefab	(0.210, 0.157, 0.263)	(0.027, 0.072, 0.008)	2	1	1	0
Assets/Modern Villa/Prefabs/Plants/FlowerC.prefab	(0.227, 0.153, 0.265)	(0.022, 0.072, 0.008)	2	1	1	0
Assets/Modern Villa/Prefabs/Plants/FlowerD.prefab	(0.194, 0.149, 0.257)	(0.025, 0.074, 0.005)	2	1	1	0
Assets/Modern Villa/Prefabs/Plants/FlowerE.prefab	(0.201, 0.152, 0.240)	(0.023, 0.074, -0.002)	2	1	1	0
Assets/Modern Villa/Prefabs/Plants/FlowerF.prefab	(0.262, 0.159, 0.295)	(0.018, 0.069, 0.019)	2	1	1	0
Assets/Modern Villa/Prefabs/Plants/FlowerG.prefab	(0.244, 0.157, 0.276)	(0.016, 0.070, 0.015)	2	1	1	0
Assets/Modern Villa/Prefabs/Plants/PalmA.prefab	(4.261, 6.179, 4.019)	(-0.395, 3.087, 0.029)	3	4	1	0
Assets/Modern Villa/Prefabs/Plants/PalmB.prefab	(4.155, 4.395, 4.326)	(-0.212, 2.193, 0.073)	3	7	1	0
Assets/Modern Villa/Prefabs/Plants/PalmC.prefab	(5.783, 5.459, 5.400)	(-0.685, 2.727, -0.759)	3	1	1	0
Assets/Modern Villa/Prefabs/Plants/PlantA.prefab	(1.317, 0.436, 1.121)	(-0.007, 0.219, -0.014)	2	1	1	0
Assets/Modern Villa/Prefabs/Plants/PlantB.prefab	(0.990, 0.428, 0.895)	(-0.033, 0.183, -0.026)	2	1	1	0
Assets/Modern Villa/Prefabs/Plants/PlantC.prefab	(0.874, 0.349, 0.765)	(-0.007, 0.146, -0.035)	2	1	1	0
Assets/Modern Villa/Prefabs/Plants/PlantD.prefab	(0.573, 0.213, 0.593)	(0.004, 0.093, -0.055)	2	1	1	0
Assets/Modern Villa/Prefabs/Plants/PlantE.prefab	(0.552, 0.287, 0.613)	(0.022, 0.115, -0.005)	2	1	1	0
Assets/Modern Villa/Prefabs/Plants/PottedPlantA.prefab	(1.192, 1.358, 1.199)	(-0.031, 0.680, 0.038)	3	1	1	0
Assets/Modern Villa/Prefabs/Plants/PottedPlantB.prefab	(1.348, 1.799, 1.214)	(0.031, 0.899, 0.004)	4	1	1	0
Assets/Modern Villa/Prefabs/Plants/PottedPlantC.prefab	(0.517, 0.514, 0.493)	(-0.008, 0.257, -0.018)	3	1	1	0
Assets/Modern Villa/Prefabs/Plants/Shrub.prefab	(1.040, 0.484, 1.103)	(0.015, 0.242, -0.019)	2	1	1	0
Assets/Modern Villa/Prefabs/Plants/VasePalmLarge.prefab	(4.251, 3.002, 3.477)	(0.120, 1.501, -0.287)	1	1	0	0
Assets/Modern Villa/Prefabs/Plants/VasePalmSmall.prefab	(2.059, 2.087, 2.112)	(-0.064, 1.044, 0.025)	1	1	0	0
Assets/Modern Villa/Prefabs/Pool/PoolBottom.prefab	(1.000, 0.100, 1.000)	(-0.500, -0.050, -0.500)	1	1	0	0
Assets/Modern Villa/Prefabs/Pool/PoolBottomCorner.prefab	(0.510, 0.130, 0.510)	(-0.245, -0.065, 0.245)	1	1	0	0
Assets/Modern Villa/Prefabs/Pool/PoolBottomSide.prefab	(1.000, 0.130, 0.510)	(-0.500, -0.065, 0.255)	1	1	0	0
Assets/Modern Villa/Prefabs/Pool/PoolCornerBottom1x1.prefab	(0.510, 0.130, 0.510)	(-0.745, -0.065, -0.254)	1	1	0	0
Assets/Modern Villa/Prefabs/Pool/PoolCornerBottom2x2.prefab	(1.510, 0.120, 1.503)	(-1.245, -0.060, -0.752)	1	1	0	0
Assets/Modern Villa/Prefabs/Pool/PoolCornerBottom3x3.prefab	(2.510, 0.120, 2.510)	(-1.745, -0.060, -1.255)	1	1	0	0
Assets/Modern Villa/Prefabs/Pool/PoolCornerReverse.prefab	(0.501, 1.020, 0.500)	(-0.250, -0.490, 0.250)	1	1	0	0
Assets/Modern Villa/Prefabs/Pool/PoolCornerSide.prefab	(0.510, 1.000, 0.510)	(-0.745, -0.500, -0.745)	1	1	0	0
Assets/Modern Villa/Prefabs/Pool/PoolCornerSide1x1.prefab	(0.510, 1.000, 0.510)	(-0.745, -0.500, -0.254)	1	1	0	0
Assets/Modern Villa/Prefabs/Pool/PoolCornerSide2x2.prefab	(1.510, 1.000, 1.503)	(-1.245, -0.500, -0.752)	1	1	0	0
Assets/Modern Villa/Prefabs/Pool/PoolCornerSide3x3.prefab	(2.510, 1.000, 2.510)	(-1.745, -0.500, -1.255)	1	1	0	0
Assets/Modern Villa/Prefabs/Pool/PoolCornerSideReverse.prefab	(0.510, 1.000, 0.510)	(0.255, -0.500, 0.255)	1	1	0	0
Assets/Modern Villa/Prefabs/Pool/PoolCornerTop.prefab	(1.000, 1.020, 1.000)	(-0.500, -0.490, 0.500)	1	1	0	0
Assets/Modern Villa/Prefabs/Pool/PoolCornerTop1x1.prefab	(1.001, 1.025, 1.002)	(-0.501, -0.488, -0.498)	2	1	0	0
Assets/Modern Villa/Prefabs/Pool/PoolCornerTop2x2.prefab	(2.000, 1.020, 2.000)	(-1.000, -0.483, -0.993)	2	1	0	0
Assets/Modern Villa/Prefabs/Pool/PoolCornerTop3x3.prefab	(3.000, 1.020, 3.002)	(-1.500, -0.490, -1.501)	2	1	0	0
Assets/Modern Villa/Prefabs/Pool/PoolLadder.prefab	(0.576, 1.502, 0.356)	(0.000, -0.185, 0.140)	1	1	0	0
Assets/Modern Villa/Prefabs/Pool/PoolShower.prefab	(1.933, 1.834, 0.620)	(-0.658, 0.912, 0.000)	1	1	0	0
Assets/Modern Villa/Prefabs/Pool/PoolSlide.prefab	(1.000, 0.330, 1.000)	(-0.500, 0.165, -0.500)	1	1	0	0
Assets/Modern Villa/Prefabs/Pool/PoolSlideBlock.prefab	(1.000, 0.330, 1.000)	(-0.500, 0.165, -0.500)	1	1	0	0
Assets/Modern Villa/Prefabs/Pool/PoolStraightSide.prefab	(1.000, 1.000, 0.010)	(-0.500, -0.500, 0.495)	1	1	0	0
Assets/Modern Villa/Prefabs/Pool/PoolStraightTop.prefab	(1.000, 1.020, 0.500)	(-0.500, -0.490, 0.250)	1	1	0	0
Assets/Modern Villa/Prefabs/Pool/SwimmingPoolSteps.prefab	(3.000, 1.020, 3.998)	(-0.002, 0.510, 0.000)	2	1	0	0
Assets/Modern Villa/Prefabs/Props/Apple.prefab	(0.067, 0.071, 0.066)	(0.000, 0.003, 0.001)	4	1	1	0
Assets/Modern Villa/Prefabs/Props/Ashtray Variant.prefab	(0.120, 0.050, 0.120)	(0.001, 0.025, -0.002)	3	1	1	0
Assets/Modern Villa/Prefabs/Props/Banana.prefab	(0.136, 0.141, 0.168)	(0.009, -0.064, 0.050)	4	1	1	0
Assets/Modern Villa/Prefabs/Props/Barbecue.prefab	(2.006, 1.521, 2.004)	(0.015, 0.666, 0.404)	25	1	1	0
Assets/Modern Villa/Prefabs/Props/Basketball.prefab	(0.198, 0.197, 0.198)	(0.000, 0.000, 0.000)	3	1	1	0
Assets/Modern Villa/Prefabs/Props/BookA.prefab	(0.030, 0.300, 0.198)	(0.000, 0.150, 0.000)	1	1	0	0
Assets/Modern Villa/Prefabs/Props/BookB.prefab	(0.053, 0.246, 0.169)	(0.000, 0.123, 0.001)	1	1	0	0
Assets/Modern Villa/Prefabs/Props/BookC.prefab	(0.030, 0.375, 0.288)	(0.000, 0.188, -0.042)	1	1	0	0
Assets/Modern Villa/Prefabs/Props/BookD.prefab	(0.030, 0.204, 0.109)	(0.000, 0.102, 0.001)	1	1	0	0
Assets/Modern Villa/Prefabs/Props/BookE.prefab	(0.084, 0.281, 0.198)	(0.000, 0.141, 0.001)	1	1	0	0
Assets/Modern Villa/Prefabs/Props/BookF.prefab	(0.030, 0.300, 0.201)	(0.000, 0.150, 0.001)	1	1	0	0
Assets/Modern Villa/Prefabs/Props/BottleA.prefab	(0.080, 0.117, 0.027)	(0.000, 0.058, 0.000)	2	1	0	0
Assets/Modern Villa/Prefabs/Props/Bowl.prefab	(0.160, 0.057, 0.160)	(0.000, 0.028, 0.000)	2	1	0	0
Assets/Modern Villa/Prefabs/Props/BowlB Variant.prefab	(0.156, 0.035, 0.156)	(0.000, 0.018, 0.000)	3	1	1	0
Assets/Modern Villa/Prefabs/Props/CarpetA.prefab	(4.000, 0.010, 4.000)	(0.000, 0.005, 0.000)	1	1	0	0
Assets/Modern Villa/Prefabs/Props/CarpetB.prefab	(2.000, 0.020, 2.000)	(0.000, 0.000, 0.000)	1	1	0	0
Assets/Modern Villa/Prefabs/Props/Chandelier.prefab	(0.435, 0.322, 0.101)	(-0.001, 0.161, 0.000)	3	1	1	0
Assets/Modern Villa/Prefabs/Props/CoffeeCupC.prefab	(0.109, 0.090, 0.139)	(0.000, 0.042, -0.015)	4	1	1	0
Assets/Modern Villa/Prefabs/Props/CoffeePot.prefab	(0.322, 0.263, 0.200)	(-0.011, 0.132, 0.000)	3	1	1	0
Assets/Modern Villa/Prefabs/Props/CurtainA.prefab	(1.247, 2.504, 0.361)	(-0.025, 1.250, 0.034)	1	1	0	0
Assets/Modern Villa/Prefabs/Props/CurtainB.prefab	(0.611, 2.472, 0.496)	(0.032, 1.271, -0.004)	1	1	0	0
Assets/Modern Villa/Prefabs/Props/CurtainC.prefab	(0.942, 2.490, 0.413)	(-0.018, 1.264, -0.006)	1	1	0	0
Assets/Modern Villa/Prefabs/Props/CurtainD.prefab	(0.192, 2.516, 1.139)	(-0.008, -1.246, 0.018)	4	1	1	0
Assets/Modern Villa/Prefabs/Props/CurtainE.prefab	(0.149, 2.522, 0.452)	(0.005, -1.251, -0.006)	4	1	1	0
Assets/Modern Villa/Prefabs/Props/DecorativeBowl.prefab	(0.350, 0.105, 0.350)	(0.000, 0.052, 0.000)	3	4	1	0
Assets/Modern Villa/Prefabs/Props/Firebowl.prefab	(0.794, 0.321, 0.794)	(0.000, 0.161, 0.000)	6	7	0	0
Assets/Modern Villa/Prefabs/Props/FireBox.prefab	(0.600, 0.275, 0.200)	(0.000, 0.138, 0.000)	2	2	0	0
Assets/Modern Villa/Prefabs/Props/FloorDecorationA.prefab	(0.600, 0.407, 0.600)	(0.000, 0.204, 0.000)	3	1	1	0
Assets/Modern Villa/Prefabs/Props/FloorDecorationB.prefab	(0.538, 0.860, 0.538)	(0.000, 0.430, 0.000)	3	1	1	0
Assets/Modern Villa/Prefabs/Props/FloorDecorationC.prefab	(0.600, 0.549, 0.600)	(0.000, 0.274, 0.000)	3	1	1	0
Assets/Modern Villa/Prefabs/Props/Fork.prefab	(0.034, 0.023, 0.196)	(0.000, -0.010, -0.097)	1	1	0	0
Assets/Modern Villa/Prefabs/Props/Glas.prefab	(0.084, 0.137, 0.084)	(0.000, 0.070, 0.000)	2	1	0	0
Assets/Modern Villa/Prefabs/Props/GrandSunshade.prefab	(3.008, 2.242, 3.473)	(0.006, 1.121, 1.227)	2	1	0	0
Assets/Modern Villa/Prefabs/Props/Jacuzzi.prefab	(2.300, 0.958, 2.300)	(0.000, 0.480, 0.000)	4	1	1	0
Assets/Modern Villa/Prefabs/Props/JugA.prefab	(0.239, 0.314, 0.183)	(0.022, 0.157, 0.000)	3	4	1	0
Assets/Modern Villa/Prefabs/Props/JugB.prefab	(0.239, 0.355, 0.183)	(0.022, 0.177, 0.000)	3	4	1	0
Assets/Modern Villa/Prefabs/Props/Knife.prefab	(0.019, 0.006, 0.231)	(0.002, 0.003, -0.114)	1	1	0	0
Assets/Modern Villa/Prefabs/Props/Lantern.prefab	(0.150, 0.239, 0.150)	(0.000, 0.119, 0.000)	1	1	0	0
Assets/Modern Villa/Prefabs/Props/LanternB.prefab	(0.189, 0.538, 0.377)	(0.000, 0.269, -0.092)	3	1	1	0
Assets/Modern Villa/Prefabs/Props/LanternC.prefab	(0.297, 0.399, 0.169)	(-0.067, 0.200, -0.005)	3	1	1	0
Assets/Modern Villa/Prefabs/Props/LargeAntipastiPlate.prefab	(0.318, 0.017, 0.318)	(0.000, 0.009, -0.001)	2	1	1	0
Assets/Modern Villa/Prefabs/Props/LargePlate.prefab	(0.318, 0.012, 0.318)	(0.000, 0.006, 0.000)	2	1	1	0
Assets/Modern Villa/Prefabs/Props/LongSpoon Variant.prefab	(0.026, 0.016, 0.280)	(0.000, -0.001, -0.139)	3	1	1	0
Assets/Modern Villa/Prefabs/Props/mv_Planter.prefab	(1.001, 0.774, 1.001)	(0.000, 0.387, 0.001)	3	1	1	0
Assets/Modern Villa/Prefabs/Props/Napkin Variant.prefab	(0.110, 0.002, 0.112)	(-0.001, 0.001, -0.006)	1	1	0	0
Assets/Modern Villa/Prefabs/Props/Napkin.prefab	(0.100, 0.033, 0.200)	(0.000, 0.015, 0.000)	1	1	0	0
Assets/Modern Villa/Prefabs/Props/OilVase.prefab	(1.128, 1.000, 1.128)	(0.000, 0.512, 0.000)	3	1	1	0
Assets/Modern Villa/Prefabs/Props/OilVaseB Variant.prefab	(1.034, 0.789, 1.032)	(-0.017, 0.401, -0.016)	3	1	1	0
Assets/Modern Villa/Prefabs/Props/Orange.prefab	(0.099, 0.099, 0.098)	(-0.002, -0.002, -0.001)	4	1	1	0
Assets/Modern Villa/Prefabs/Props/PaintingA.prefab	(1.000, 0.630, 0.020)	(0.000, 0.000, 0.010)	1	1	0	0
Assets/Modern Villa/Prefabs/Props/PaintingB.prefab	(0.500, 0.670, 0.020)	(0.000, 0.000, 0.010)	1	1	0	0
Assets/Modern Villa/Prefabs/Props/PaintingC.prefab	(0.760, 1.000, 0.020)	(0.000, 0.000, 0.010)	1	1	0	0
Assets/Modern Villa/Prefabs/Props/PaintingD.prefab	(1.500, 1.000, 0.020)	(0.000, 0.000, 0.010)	1	1	0	0
Assets/Modern Villa/Prefabs/Props/PastaPlate.prefab	(0.305, 0.059, 0.306)	(0.000, 0.030, 0.000)	2	1	1	0
Assets/Modern Villa/Prefabs/Props/PavillonA.prefab	(3.623, 3.483, 3.623)	(0.000, 1.742, 0.000)	1	1	0	0
Assets/Modern Villa/Prefabs/Props/PavillonB.prefab	(3.623, 3.483, 3.623)	(0.000, 1.742, 0.000)	1	1	0	0
Assets/Modern Villa/Prefabs/Props/PavillonC.prefab	(3.623, 3.483, 3.623)	(0.000, 1.742, 0.000)	1	1	0	0
Assets/Modern Villa/Prefabs/Props/PavillonOpen.prefab	(3.623, 3.483, 3.623)	(0.000, 1.742, 0.000)	1	1	0	0
Assets/Modern Villa/Prefabs/Props/Peach.prefab	(0.068, 0.064, 0.068)	(0.001, 0.032, -0.001)	4	1	1	0
Assets/Modern Villa/Prefabs/Props/PillarA.prefab	(0.275, 2.500, 0.275)	(0.000, 1.250, 0.000)	2	0	1	0
Assets/Modern Villa/Prefabs/Props/PillarB.prefab	(0.653, 2.500, 0.654)	(0.000, 1.250, 0.000)	3	0	1	0
Assets/Modern Villa/Prefabs/Props/PillowC Variant.prefab	(0.514, 0.171, 0.275)	(-0.008, 0.016, 0.002)	3	1	1	0
Assets/Modern Villa/Prefabs/Props/PillowD Variant.prefab	(0.670, 0.146, 0.299)	(-0.040, 0.072, -0.015)	3	1	1	0
Assets/Modern Villa/Prefabs/Props/PillowE Variant.prefab	(0.381, 0.137, 0.355)	(0.045, 0.069, 0.006)	3	1	1	0
Assets/Modern Villa/Prefabs/Props/PillowF Variant.prefab	(0.207, 0.088, 0.211)	(0.000, 0.000, 0.000)	3	1	1	0
Assets/Modern Villa/Prefabs/Props/PillowG Variant.prefab	(0.722, 0.179, 0.363)	(-0.003, 0.000, 0.002)	3	1	1	0
Assets/Modern Villa/Prefabs/Props/PillowSeat.prefab	(0.369, 0.066, 0.369)	(0.000, 0.029, 0.000)	1	1	0	0
Assets/Modern Villa/Prefabs/Props/Placeholder Deck Variant.prefab	(0.564, 0.243, 0.443)	(0.000, 0.104, 0.000)	16	10	4	0
Assets/Modern Villa/Prefabs/Props/Placeholder.prefab	(0.564, 0.004, 0.443)	(0.000, 0.001, 0.000)	1	1	0	0
Assets/Modern Villa/Prefabs/Props/Planter.prefab	(1.001, 0.774, 1.001)	(0.000, 0.387, 0.001)	3	1	1	0
Assets/Modern Villa/Prefabs/Props/RedWineGlas.prefab	(0.099, 0.225, 0.099)	(0.000, 0.113, 0.000)	1	1	0	0
Assets/Modern Villa/Prefabs/Props/SaucerB.prefab	(0.155, 0.017, 0.155)	(0.001, 0.007, -0.001)	4	1	1	0
Assets/Modern Villa/Prefabs/Props/SmallPlate.prefab	(0.167, 0.012, 0.167)	(0.000, 0.006, 0.000)	2	1	1	0
Assets/Modern Villa/Prefabs/Props/SoupBowl.prefab	(0.244, 0.055, 0.244)	(0.000, 0.027, 0.000)	3	1	1	0
Assets/Modern Villa/Prefabs/Props/Spoon.prefab	(0.057, 0.019, 0.234)	(-0.001, 0.010, -0.118)	1	1	0	0
Assets/Modern Villa/Prefabs/Props/Sunshade.prefab	(3.000, 2.565, 3.000)	(0.000, 1.175, 0.000)	1	1	0	0
Assets/Modern Villa/Prefabs/Props/TabletA.prefab	(0.440, 0.066, 0.360)	(0.000, 0.033, 0.000)	1	1	0	0
Assets/Modern Villa/Prefabs/Props/TabletB.prefab	(0.517, 0.045, 0.517)	(0.000, 0.023, 0.000)	2	2	1	0
Assets/Modern Villa/Prefabs/Props/TowelA.prefab	(0.207, 0.192, 0.477)	(-0.004, -0.003, 0.000)	2	2	1	0
Assets/Modern Villa/Prefabs/Props/VaseA.prefab	(0.292, 0.475, 0.230)	(-0.007, 0.237, 0.047)	2	1	1	0
Assets/Modern Villa/Prefabs/Props/VaseB.prefab	(1.308, 1.942, 1.208)	(-0.033, 0.966, 0.048)	2	1	1	0
Assets/Modern Villa/Prefabs/Props/VaseC.prefab	(0.140, 0.644, 0.140)	(0.000, 0.322, 0.000)	2	1	1	0
Assets/Modern Villa/Prefabs/Props/WhiteWineGlas.prefab	(0.085, 0.200, 0.085)	(0.000, 0.100, 0.000)	1	1	0	0
Assets/Modern Villa/Prefabs/railing/GlasRailing.75m.prefab	(0.750, 1.198, 0.050)	(0.000, 0.599, 0.000)	2	2	0	0
Assets/Modern Villa/Prefabs/railing/GlasRailing.75mCorner.prefab	(0.753, 1.200, 0.750)	(0.353, 0.600, -0.355)	2	1	0	0
Assets/Modern Villa/Prefabs/railing/GlasRailing1m.prefab	(1.000, 1.198, 0.050)	(0.000, 0.599, 0.000)	2	2	0	0
Assets/Modern Villa/Prefabs/railing/GlasRailing2m.prefab	(2.000, 1.198, 0.050)	(0.000, 0.599, 0.000)	2	1	0	0
Assets/Modern Villa/Prefabs/railing/Railing.5m.prefab	(0.500, 0.827, 0.071)	(-0.220, 0.413, 0.000)	1	1	0	0
Assets/Modern Villa/Prefabs/railing/Railing1m.prefab	(1.000, 0.827, 0.071)	(-0.470, 0.413, 0.000)	1	1	0	0
Assets/Modern Villa/Prefabs/railing/Railing2m.prefab	(2.000, 0.827, 0.071)	(-0.970, 0.413, 0.000)	1	1	0	0
Assets/Modern Villa/Prefabs/railing/RailingCorner1m.prefab	(1.016, 0.827, 1.020)	(-0.462, 0.414, -0.472)	1	1	0	0
Assets/Modern Villa/Prefabs/railing/RailingCornerShort.prefab	(0.075, 0.827, 0.082)	(-0.002, 0.414, -0.004)	1	1	0	0
Assets/Modern Villa/Prefabs/railing/RailingEnd1m.prefab	(1.006, 0.827, 0.070)	(-0.467, 0.413, 0.000)	1	1	0	0
Assets/Modern Villa/Prefabs/railing/RailingEndShort.prefab	(0.066, 0.827, 0.070)	(0.003, 0.413, 0.000)	1	1	0	0
Assets/Modern Villa/Prefabs/railing/RailingPost.prefab	(0.060, 0.827, 0.071)	(0.000, 0.413, 0.000)	1	1	0	0
Assets/Modern Villa/Prefabs/roof/Roof ,5x,5 corner.prefab	(0.600, 0.300, 0.600)	(-0.300, 0.150, 0.300)	1	1	0	0
Assets/Modern Villa/Prefabs/roof/Roof ,5x,5 side.prefab	(0.500, 0.300, 0.600)	(-0.250, 0.150, 0.300)	1	1	0	0
Assets/Modern Villa/Prefabs/roof/Roof ,5x,5.prefab	(0.500, 0.300, 0.500)	(-0.250, 0.150, 0.250)	1	2	0	0
Assets/Modern Villa/Prefabs/roof/Roof.2x1.prefab	(1.000, 0.300, 0.230)	(-0.500, 0.150, 0.115)	1	1	0	0
Assets/Modern Villa/Prefabs/roof/Roof1x1.prefab	(1.000, 0.300, 1.000)	(-0.500, 0.150, 0.500)	1	1	0	0
Assets/Modern Villa/Prefabs/roof/Roof1x1Corner.prefab	(1.100, 0.300, 1.100)	(-0.550, 0.150, 0.550)	1	1	0	0
Assets/Modern Villa/Prefabs/roof/Roof1x1Side.prefab	(1.100, 0.300, 1.000)	(-0.550, 0.150, 0.500)	1	1	0	0
Assets/Modern Villa/Prefabs/roof/Roof2x2.prefab	(2.000, 0.300, 2.000)	(-1.000, 0.150, 1.000)	1	1	0	0
Assets/Modern Villa/Prefabs/roof/Roof2x2corner.prefab	(2.100, 0.300, 2.100)	(-1.050, 0.150, 1.050)	1	1	0	0
Assets/Modern Villa/Prefabs/roof/Roof2x2Side.prefab	(2.100, 0.300, 2.000)	(-1.050, 0.150, 1.000)	1	1	0	0
Assets/Modern Villa/Prefabs/Stoneboxes/stonebox large Variant.prefab	(4.094, 2.087, 2.112)	(-0.047, 1.044, 0.025)	3	3	0	0
Assets/Modern Villa/Prefabs/Stoneboxes/stonebox medium Variant.prefab	(4.192, 1.213, 1.697)	(0.096, 0.607, 0.001)	9	5	4	0
Assets/Modern Villa/Prefabs/Stoneboxes/StoneboxHigh.prefab	(1.000, 0.500, 0.500)	(0.000, 0.250, 0.000)	1	1	0	0
Assets/Modern Villa/Prefabs/Stoneboxes/StoneboxLarge.prefab	(4.000, 0.250, 2.000)	(0.000, 0.125, 0.000)	1	1	0	0
Assets/Modern Villa/Prefabs/Stoneboxes/StoneboxLong.prefab	(4.000, 0.700, 0.500)	(0.000, 0.350, 0.000)	1	1	0	0
Assets/Modern Villa/Prefabs/Stoneboxes/StoneboxLow.prefab	(1.000, 0.250, 0.500)	(0.000, 0.125, 0.000)	1	1	0	0
Assets/Modern Villa/Prefabs/Stoneboxes/StoneboxMedium.prefab	(4.000, 0.700, 1.000)	(0.000, 0.350, 0.000)	1	1	0	0
Assets/Modern Villa/Prefabs/Stoneboxes/XL stonebox Variant.prefab	(6.784, 3.262, 5.257)	(-0.392, 1.631, -0.305)	21	24	0	0
Assets/Modern Villa/Prefabs/Stoneboxes/XLStonebox.prefab	(6.000, 0.350, 2.000)	(0.000, 0.175, 0.000)	1	1	0	0
Assets/Modern Villa/Prefabs/Walls/AlternateWall2x2,5DoorDouble.prefab	(2.000, 2.500, 0.250)	(-1.000, 1.250, 0.125)	1	1	0	0
Assets/Modern Villa/Prefabs/Walls/ExteriorDoor.prefab	(1.230, 1.993, 0.143)	(0.606, 0.998, 0.016)	2	1	0	0
Assets/Modern Villa/Prefabs/Walls/InteriorDoor.prefab	(0.639, 1.991, 0.157)	(0.312, 0.996, 0.016)	1	1	0	0
Assets/Modern Villa/Prefabs/Walls/mv_WallSupportElement.prefab	(0.375, 2.500, 0.675)	(0.188, 1.250, -0.338)	1	1	0	0
Assets/Modern Villa/Prefabs/Walls/Stairs.prefab	(3.500, 2.650, 1.000)	(-1.750, 1.321, 0.500)	1	1	0	0
Assets/Modern Villa/Prefabs/Walls/Wall 1x2,5.prefab	(1.000, 2.500, 0.250)	(-0.500, 1.250, 0.125)	1	1	0	0
Assets/Modern Villa/Prefabs/Walls/Wall 2x2,5 door single Variant.prefab	(2.221, 2.500, 0.250)	(-0.889, 1.250, 0.125)	3	2	0	0
Assets/Modern Villa/Prefabs/Walls/Wall2x2,5.prefab	(2.000, 2.500, 0.250)	(-1.000, 1.250, 0.125)	1	1	0	0
Assets/Modern Villa/Prefabs/Walls/Wall2x2,5DoorDouble.prefab	(2.000, 2.500, 0.250)	(-1.000, 1.250, 0.125)	1	1	0	0
Assets/Modern Villa/Prefabs/Walls/Wall2x2,5DoorSingle.prefab	(2.000, 2.500, 0.250)	(-1.000, 1.250, 0.125)	1	1	0	0
Assets/Modern Villa/Prefabs/Walls/Wall2x2,5Window.prefab	(2.000, 2.500, 0.253)	(-1.000, 1.250, 0.124)	3	1	0	0
Assets/Modern Villa/Prefabs/Walls/WallCorner2,5.prefab	(0.250, 2.500, 0.250)	(-0.125, 1.250, 0.125)	1	1	0	0
Assets/Modern Villa/Prefabs/Walls/WallInner1x2,5.prefab	(1.000, 2.500, 0.150)	(-0.500, 1.250, 0.075)	1	1	0	0
Assets/Modern Villa/Prefabs/Walls/WallInner1x2,5Door.prefab	(1.000, 2.500, 0.165)	(-0.500, 1.250, 0.082)	1	1	0	0
Assets/Modern Villa/Prefabs/Walls/WallInner2x2,5Door.prefab	(2.000, 2.500, 0.150)	(-1.000, 1.250, 0.075)	1	1	0	0
Assets/Modern Villa/Prefabs/Windows/WindowCorner.prefab	(2.140, 2.500, 2.140)	(-0.930, 1.250, -0.930)	2	2	0	0
Assets/Modern Villa/Prefabs/Windows/WindowCornerLeft.prefab	(2.140, 2.500, 2.140)	(-0.930, 1.250, -0.930)	2	2	0	0
Assets/Modern Villa/Prefabs/Windows/WindowCornerRight.prefab	(2.140, 2.500, 2.140)	(-0.930, 1.250, -0.930)	2	2	0	0
Assets/Modern Villa/Prefabs/Windows/WindowDoor.prefab	(4.000, 2.500, 0.144)	(-2.000, 1.250, -0.071)	5	1	0	0
Assets/Modern Villa/Prefabs/Windows/WindowStraight.prefab	(2.000, 2.500, 0.140)	(-1.000, 1.250, 0.070)	2	1	0	0
Assets/Modern Villa/Prefabs/Windows/WindowStraightOnesided.prefab	(2.000, 2.500, 0.140)	(-1.000, 1.250, 0.070)	2	1	0	0
