Directional Light	pos=(0.000, 3.000, 0.000)	rot=(50.0, 315.5, 0.0)	center=(0.000, 3.000, 0.000)	size=(0.000, 0.000, 0.000)
Floor	pos=(0.000, 0.000, 0.000)	rot=(0.0, 0.0, 0.0)	center=(8.253, -1.355, 15.000)	size=(18.505, 4.970, 32.000)
Floor/Floor2x2	pos=(0.000, 0.000, 0.000)	rot=(0.0, 0.0, 0.0)	center=(0.000, 0.500, 0.000)	size=(2.000, 1.000, 2.000)
Floor/Floor2x2 (64)	pos=(8.000, 0.000, 0.000)	rot=(0.0, 0.0, 0.0)	center=(8.000, 0.500, 0.000)	size=(2.000, 1.000, 2.000)
Floor/Floor2x2 (32)	pos=(4.000, 0.000, 0.000)	rot=(0.0, 0.0, 0.0)	center=(4.000, 0.500, 0.000)	size=(2.000, 1.000, 2.000)
Floor/Floor2x2 (65)	pos=(12.000, 0.000, 0.000)	rot=(0.0, 0.0, 0.0)	center=(12.000, 0.500, 0.000)	size=(2.000, 1.000, 2.000)
Floor/Floor2x2 (16)	pos=(2.000, 0.000, 0.000)	rot=(0.0, 0.0, 0.0)	center=(2.000, 0.500, 0.000)	size=(2.000, 1.000, 2.000)
Floor/Floor2x2 (66)	pos=(10.000, 0.000, 0.000)	rot=(0.0, 0.0, 0.0)	center=(10.000, 0.500, 0.000)	size=(2.000, 1.000, 2.000)
Floor/Floor2x2 (33)	pos=(6.000, 0.000, 0.000)	rot=(0.0, 0.0, 0.0)	center=(6.000, 0.500, 0.000)	size=(2.000, 1.000, 2.000)
Floor/Floor2x2 (67)	pos=(14.000, 0.000, 0.000)	rot=(0.0, 0.0, 0.0)	center=(14.000, 0.500, 0.000)	size=(2.000, 1.000, 2.000)
Floor/Floor2x2 (8)	pos=(0.000, 0.000, 16.000)	rot=(0.0, 0.0, 0.0)	center=(0.000, 0.500, 16.000)	size=(2.000, 1.000, 2.000)
Floor/Floor2x2 (68)	pos=(8.000, 0.000, 16.000)	rot=(0.0, 0.0, 0.0)	center=(8.000, 0.500, 16.000)	size=(2.000, 1.000, 2.000)
Floor/Floor2x2 (34)	pos=(4.000, 0.000, 16.000)	rot=(0.0, 0.0, 0.0)	center=(4.000, 0.500, 16.000)	size=(2.000, 1.000, 2.000)
Floor/Floor2x2 (69)	pos=(12.000, 0.000, 16.000)	rot=(0.0, 0.0, 0.0)	center=(12.000, 0.500, 16.000)	size=(2.000, 1.000, 2.000)
Floor/Floor2x2 (17)	pos=(2.000, 0.000, 16.000)	rot=(0.0, 0.0, 0.0)	center=(2.000, 0.500, 16.000)	size=(2.000, 1.000, 2.000)
Floor/Floor2x2 (70)	pos=(10.000, 0.000, 16.000)	rot=(0.0, 0.0, 0.0)	center=(10.000, 0.500, 16.000)	size=(2.000, 1.000, 2.000)
Floor/Floor2x2 (35)	pos=(6.000, 0.000, 16.000)	rot=(0.0, 0.0, 0.0)	center=(6.000, 0.500, 16.000)	size=(2.000, 1.000, 2.000)
Floor/Floor2x2 (71)	pos=(14.000, 0.000, 16.000)	rot=(0.0, 0.0, 0.0)	center=(14.000, 0.500, 16.000)	size=(2.000, 1.000, 2.000)
Floor/Floor2x2 (4)	pos=(0.000, 0.000, 8.000)	rot=(0.0, 0.0, 0.0)	center=(0.000, 0.500, 8.000)	size=(2.000, 1.000, 2.000)
Floor/Floor2x2 (72)	pos=(8.000, 0.000, 8.000)	rot=(0.0, 0.0, 0.0)	center=(8.000, 0.500, 8.000)	size=(2.000, 1.000, 2.000)
Floor/Floor2x2 (36)	pos=(4.000, 0.000, 8.000)	rot=(0.0, 0.0, 0.0)	center=(4.000, 0.500, 8.000)	size=(2.000, 1.000, 2.000)
Floor/Floor2x2 (73)	pos=(12.000, 0.000, 8.000)	rot=(0.0, 0.0, 0.0)	center=(12.000, 0.500, 8.000)	size=(2.000, 1.000, 2.000)
Floor/Floor2x2 (18)	pos=(2.000, 0.000, 8.000)	rot=(0.0, 0.0, 0.0)	center=(2.000, 0.500, 8.000)	size=(2.000, 1.000, 2.000)
Floor/Floor2x2 (74)	pos=(10.000, 0.000, 8.000)	rot=(0.0, 0.0, 0.0)	center=(10.000, 0.500, 8.000)	size=(2.000, 1.000, 2.000)
Floor/Floor2x2 (37)	pos=(6.000, 0.000, 8.000)	rot=(0.0, 0.0, 0.0)	center=(6.000, 0.500, 8.000)	size=(2.000, 1.000, 2.000)
Floor/Floor2x2 (75)	pos=(14.000, 0.000, 8.000)	rot=(0.0, 0.0, 0.0)	center=(14.000, 0.500, 8.000)	size=(2.000, 1.000, 2.000)
Floor/Floor2x2 (9)	pos=(0.000, 0.000, 24.000)	rot=(0.0, 0.0, 0.0)	center=(0.000, 0.500, 24.000)	size=(2.000, 1.000, 2.000)
Floor/Floor2x2 (38)	pos=(4.000, 0.000, 24.000)	rot=(0.0, 0.0, 0.0)	center=(4.000, 0.500, 24.000)	size=(2.000, 1.000, 2.000)
Floor/Floor2x2 (77)	pos=(12.000, 0.000, 24.000)	rot=(0.0, 0.0, 0.0)	center=(12.000, 0.500, 24.000)	size=(2.000, 1.000, 2.000)
Floor/Floor2x2 (19)	pos=(2.000, 0.000, 24.000)	rot=(0.0, 0.0, 0.0)	center=(2.000, 0.500, 24.000)	size=(2.000, 1.000, 2.000)
Floor/Floor2x2 (78)	pos=(10.000, 0.000, 24.000)	rot=(0.0, 0.0, 0.0)	center=(10.000, 0.500, 24.000)	size=(2.000, 1.000, 2.000)
Floor/Floor2x2 (79)	pos=(14.000, 0.000, 24.000)	rot=(0.0, 0.0, 0.0)	center=(14.000, 0.500, 24.000)	size=(2.000, 1.000, 2.000)
Floor/Floor2x2 (2)	pos=(0.000, 0.000, 4.000)	rot=(0.0, 0.0, 0.0)	center=(0.000, 0.500, 4.000)	size=(2.000, 1.000, 2.000)
Floor/Floor2x2 (80)	pos=(8.000, 0.000, 4.000)	rot=(0.0, 0.0, 0.0)	center=(8.000, 0.500, 4.000)	size=(2.000, 1.000, 2.000)
Floor/Floor2x2 (40)	pos=(4.000, 0.000, 4.000)	rot=(0.0, 0.0, 0.0)	center=(4.000, 0.500, 4.000)	size=(2.000, 1.000, 2.000)
Floor/Floor2x2 (81)	pos=(12.000, 0.000, 4.000)	rot=(0.0, 0.0, 0.0)	center=(12.000, 0.500, 4.000)	size=(2.000, 1.000, 2.000)
Floor/Floor2x2 (20)	pos=(2.000, 0.000, 4.000)	rot=(0.0, 0.0, 0.0)	center=(2.000, 0.500, 4.000)	size=(2.000, 1.000, 2.000)
Floor/Floor2x2 (82)	pos=(10.000, 0.000, 4.000)	rot=(0.0, 0.0, 0.0)	center=(10.000, 0.500, 4.000)	size=(2.000, 1.000, 2.000)
Floor/Floor2x2 (41)	pos=(6.000, 0.000, 4.000)	rot=(0.0, 0.0, 0.0)	center=(6.000, 0.500, 4.000)	size=(2.000, 1.000, 2.000)
Floor/Floor2x2 (83)	pos=(14.000, 0.000, 4.000)	rot=(0.0, 0.0, 0.0)	center=(14.000, 0.500, 4.000)	size=(2.000, 1.000, 2.000)
Floor/Floor2x2 (10)	pos=(0.000, 0.000, 20.000)	rot=(0.0, 0.0, 0.0)	center=(0.000, 0.500, 20.000)	size=(2.000, 1.000, 2.000)
Floor/Floor2x2 (84)	pos=(8.000, 0.000, 20.000)	rot=(0.0, 0.0, 0.0)	center=(8.000, 0.500, 20.000)	size=(2.000, 1.000, 2.000)
Floor/Floor2x2 (42)	pos=(4.000, 0.000, 20.000)	rot=(0.0, 0.0, 0.0)	center=(4.000, 0.500, 20.000)	size=(2.000, 1.000, 2.000)
Floor/Floor2x2 (85)	pos=(12.000, 0.000, 20.000)	rot=(0.0, 0.0, 0.0)	center=(12.000, 0.500, 20.000)	size=(2.000, 1.000, 2.000)
Floor/Floor2x2 (21)	pos=(2.000, 0.000, 20.000)	rot=(0.0, 0.0, 0.0)	center=(2.000, 0.500, 20.000)	size=(2.000, 1.000, 2.000)
Floor/Floor2x2 (86)	pos=(10.000, 0.000, 20.000)	rot=(0.0, 0.0, 0.0)	center=(10.000, 0.500, 20.000)	size=(2.000, 1.000, 2.000)
Floor/Floor2x2 (43)	pos=(6.000, 0.000, 20.000)	rot=(0.0, 0.0, 0.0)	center=(6.000, 0.500, 20.000)	size=(2.000, 1.000, 2.000)
Floor/Floor2x2 (87)	pos=(14.000, 0.000, 20.000)	rot=(0.0, 0.0, 0.0)	center=(14.000, 0.500, 20.000)	size=(2.000, 1.000, 2.000)
Floor/Floor2x2 (5)	pos=(0.000, 0.000, 12.000)	rot=(0.0, 0.0, 0.0)	center=(0.000, 0.500, 12.000)	size=(2.000, 1.000, 2.000)
Floor/Floor2x2 (88)	pos=(8.000, 0.000, 12.000)	rot=(0.0, 0.0, 0.0)	center=(8.000, 0.500, 12.000)	size=(2.000, 1.000, 2.000)
Floor/Floor2x2 (44)	pos=(4.000, 0.000, 12.000)	rot=(0.0, 0.0, 0.0)	center=(4.000, 0.500, 12.000)	size=(2.000, 1.000, 2.000)
Floor/Floor2x2 (89)	pos=(12.000, 0.000, 12.000)	rot=(0.0, 0.0, 0.0)	center=(12.000, 0.500, 12.000)	size=(2.000, 1.000, 2.000)
Floor/Floor2x2 (22)	pos=(2.000, 0.000, 12.000)	rot=(0.0, 0.0, 0.0)	center=(2.000, 0.500, 12.000)	size=(2.000, 1.000, 2.000)
Floor/Floor2x2 (90)	pos=(10.000, 0.000, 12.000)	rot=(0.0, 0.0, 0.0)	center=(10.000, 0.500, 12.000)	size=(2.000, 1.000, 2.000)
Floor/Floor2x2 (45)	pos=(6.000, 0.000, 12.000)	rot=(0.0, 0.0, 0.0)	center=(6.000, 0.500, 12.000)	size=(2.000, 1.000, 2.000)
Floor/Floor2x2 (91)	pos=(14.000, 0.000, 12.000)	rot=(0.0, 0.0, 0.0)	center=(14.000, 0.500, 12.000)	size=(2.000, 1.000, 2.000)
Floor/Floor2x2 (11)	pos=(0.000, 0.000, 28.000)	rot=(0.0, 0.0, 0.0)	center=(0.000, 0.500, 28.000)	size=(2.000, 1.000, 2.000)
Floor/Floor2x2 (46)	pos=(4.000, 0.000, 28.000)	rot=(0.0, 0.0, 0.0)	center=(4.000, 0.500, 28.000)	size=(2.000, 1.000, 2.000)
Floor/Floor2x2 (93)	pos=(12.000, 0.000, 28.000)	rot=(0.0, 0.0, 0.0)	center=(12.000, 0.500, 28.000)	size=(2.000, 1.000, 2.000)
Floor/Floor2x2 (23)	pos=(2.000, 0.000, 28.000)	rot=(0.0, 0.0, 0.0)	center=(2.000, 0.500, 28.000)	size=(2.000, 1.000, 2.000)
Floor/Floor2x2 (94)	pos=(10.000, 0.000, 28.000)	rot=(0.0, 0.0, 0.0)	center=(10.000, 0.500, 28.000)	size=(2.000, 1.000, 2.000)
Floor/Floor2x2 (95)	pos=(14.000, 0.000, 28.000)	rot=(0.0, 0.0, 0.0)	center=(14.000, 0.500, 28.000)	size=(2.000, 1.000, 2.000)
Floor/Floor2x2 (1)	pos=(0.000, 0.000, 2.000)	rot=(0.0, 0.0, 0.0)	center=(0.000, 0.500, 2.000)	size=(2.000, 1.000, 2.000)
Floor/Floor2x2 (96)	pos=(8.000, 0.000, 2.000)	rot=(0.0, 0.0, 0.0)	center=(8.000, 0.500, 2.000)	size=(2.000, 1.000, 2.000)
Floor/Floor2x2 (48)	pos=(4.000, 0.000, 2.000)	rot=(0.0, 0.0, 0.0)	center=(4.000, 0.500, 2.000)	size=(2.000, 1.000, 2.000)
Floor/Floor2x2 (97)	pos=(12.000, 0.000, 2.000)	rot=(0.0, 0.0, 0.0)	center=(12.000, 0.500, 2.000)	size=(2.000, 1.000, 2.000)
Floor/Floor2x2 (24)	pos=(2.000, 0.000, 2.000)	rot=(0.0, 0.0, 0.0)	center=(2.000, 0.500, 2.000)	size=(2.000, 1.000, 2.000)
Floor/Floor2x2 (98)	pos=(10.000, 0.000, 2.000)	rot=(0.0, 0.0, 0.0)	center=(10.000, 0.500, 2.000)	size=(2.000, 1.000, 2.000)
Floor/Floor2x2 (49)	pos=(6.000, 0.000, 2.000)	rot=(0.0, 0.0, 0.0)	center=(6.000, 0.500, 2.000)	size=(2.000, 1.000, 2.000)
Floor/Floor2x2 (99)	pos=(14.000, 0.000, 2.000)	rot=(0.0, 0.0, 0.0)	center=(14.000, 0.500, 2.000)	size=(2.000, 1.000, 2.000)
Floor/Floor2x2 (12)	pos=(0.000, 0.000, 18.000)	rot=(0.0, 0.0, 0.0)	center=(0.000, 0.500, 18.000)	size=(2.000, 1.000, 2.000)
Floor/Floor2x2 (100)	pos=(8.000, 0.000, 18.000)	rot=(0.0, 0.0, 0.0)	center=(8.000, 0.500, 18.000)	size=(2.000, 1.000, 2.000)
Floor/Floor2x2 (50)	pos=(4.000, 0.000, 18.000)	rot=(0.0, 0.0, 0.0)	center=(4.000, 0.500, 18.000)	size=(2.000, 1.000, 2.000)
Floor/Floor2x2 (101)	pos=(12.000, 0.000, 18.000)	rot=(0.0, 0.0, 0.0)	center=(12.000, 0.500, 18.000)	size=(2.000, 1.000, 2.000)
Floor/Floor2x2 (25)	pos=(2.000, 0.000, 18.000)	rot=(0.0, 0.0, 0.0)	center=(2.000, 0.500, 18.000)	size=(2.000, 1.000, 2.000)
Floor/Floor2x2 (102)	pos=(10.000, 0.000, 18.000)	rot=(0.0, 0.0, 0.0)	center=(10.000, 0.500, 18.000)	size=(2.000, 1.000, 2.000)
Floor/Floor2x2 (51)	pos=(6.000, 0.000, 18.000)	rot=(0.0, 0.0, 0.0)	center=(6.000, 0.500, 18.000)	size=(2.000, 1.000, 2.000)
Floor/Floor2x2 (103)	pos=(14.000, 0.000, 18.000)	rot=(0.0, 0.0, 0.0)	center=(14.000, 0.500, 18.000)	size=(2.000, 1.000, 2.000)
Floor/Floor2x2 (6)	pos=(0.000, 0.000, 10.000)	rot=(0.0, 0.0, 0.0)	center=(0.000, 0.500, 10.000)	size=(2.000, 1.000, 2.000)
Floor/Floor2x2 (104)	pos=(8.000, 0.000, 10.000)	rot=(0.0, 0.0, 0.0)	center=(8.000, 0.500, 10.000)	size=(2.000, 1.000, 2.000)
Floor/Floor2x2 (52)	pos=(4.000, 0.000, 10.000)	rot=(0.0, 0.0, 0.0)	center=(4.000, 0.500, 10.000)	size=(2.000, 1.000, 2.000)
Floor/Floor2x2 (105)	pos=(12.000, 0.000, 10.000)	rot=(0.0, 0.0, 0.0)	center=(12.000, 0.500, 10.000)	size=(2.000, 1.000, 2.000)
Floor/Floor2x2 (26)	pos=(2.000, 0.000, 10.000)	rot=(0.0, 0.0, 0.0)	center=(2.000, 0.500, 10.000)	size=(2.000, 1.000, 2.000)
Floor/Floor2x2 (106)	pos=(10.000, 0.000, 10.000)	rot=(0.0, 0.0, 0.0)	center=(10.000, 0.500, 10.000)	size=(2.000, 1.000, 2.000)
Floor/Floor2x2 (53)	pos=(6.000, 0.000, 10.000)	rot=(0.0, 0.0, 0.0)	center=(6.000, 0.500, 10.000)	size=(2.000, 1.000, 2.000)
Floor/Floor2x2 (107)	pos=(14.000, 0.000, 10.000)	rot=(0.0, 0.0, 0.0)	center=(14.000, 0.500, 10.000)	size=(2.000, 1.000, 2.000)
Floor/Floor2x2 (13)	pos=(0.000, 0.000, 26.000)	rot=(0.0, 0.0, 0.0)	center=(0.000, 0.500, 26.000)	size=(2.000, 1.000, 2.000)
Floor/Floor2x2 (54)	pos=(4.000, 0.000, 26.000)	rot=(0.0, 0.0, 0.0)	center=(4.000, 0.500, 26.000)	size=(2.000, 1.000, 2.000)
Floor/Floor2x2 (109)	pos=(12.000, 0.000, 26.000)	rot=(0.0, 0.0, 0.0)	center=(12.000, 0.500, 26.000)	size=(2.000, 1.000, 2.000)
Floor/Floor2x2 (27)	pos=(2.000, 0.000, 26.000)	rot=(0.0, 0.0, 0.0)	center=(2.000, 0.500, 26.000)	size=(2.000, 1.000, 2.000)
Floor/Floor2x2 (110)	pos=(10.000, 0.000, 26.000)	rot=(0.0, 0.0, 0.0)	center=(10.000, 0.500, 26.000)	size=(2.000, 1.000, 2.000)
Floor/Floor2x2 (111)	pos=(14.000, 0.000, 26.000)	rot=(0.0, 0.0, 0.0)	center=(14.000, 0.500, 26.000)	size=(2.000, 1.000, 2.000)
Floor/Floor2x2 (3)	pos=(0.000, 0.000, 6.000)	rot=(0.0, 0.0, 0.0)	center=(0.000, 0.500, 6.000)	size=(2.000, 1.000, 2.000)
Floor/Floor2x2 (112)	pos=(8.000, 0.000, 6.000)	rot=(0.0, 0.0, 0.0)	center=(8.000, 0.500, 6.000)	size=(2.000, 1.000, 2.000)
Floor/Floor2x2 (56)	pos=(4.000, 0.000, 6.000)	rot=(0.0, 0.0, 0.0)	center=(4.000, 0.500, 6.000)	size=(2.000, 1.000, 2.000)
Floor/Floor2x2 (113)	pos=(12.000, 0.000, 6.000)	rot=(0.0, 0.0, 0.0)	center=(12.000, 0.500, 6.000)	size=(2.000, 1.000, 2.000)
Floor/Floor2x2 (28)	pos=(2.000, 0.000, 6.000)	rot=(0.0, 0.0, 0.0)	center=(2.000, 0.500, 6.000)	size=(2.000, 1.000, 2.000)
Floor/Floor2x2 (114)	pos=(10.000, 0.000, 6.000)	rot=(0.0, 0.0, 0.0)	center=(10.000, 0.500, 6.000)	size=(2.000, 1.000, 2.000)
Floor/Floor2x2 (57)	pos=(6.000, 0.000, 6.000)	rot=(0.0, 0.0, 0.0)	center=(6.000, 0.500, 6.000)	size=(2.000, 1.000, 2.000)
Floor/Floor2x2 (115)	pos=(14.000, 0.000, 6.000)	rot=(0.0, 0.0, 0.0)	center=(14.000, 0.500, 6.000)	size=(2.000, 1.000, 2.000)
Floor/Floor2x2 (14)	pos=(0.000, 0.000, 22.000)	rot=(0.0, 0.0, 0.0)	center=(0.000, 0.500, 22.000)	size=(2.000, 1.000, 2.000)
Floor/Floor2x2 (116)	pos=(8.000, 0.000, 22.000)	rot=(0.0, 0.0, 0.0)	center=(8.000, 0.500, 22.000)	size=(2.000, 1.000, 2.000)
Floor/Floor2x2 (58)	pos=(4.000, 0.000, 22.000)	rot=(0.0, 0.0, 0.0)	center=(4.000, 0.500, 22.000)	size=(2.000, 1.000, 2.000)
Floor/Floor2x2 (117)	pos=(12.000, 0.000, 22.000)	rot=(0.0, 0.0, 0.0)	center=(12.000, 0.500, 22.000)	size=(2.000, 1.000, 2.000)
Floor/Floor2x2 (29)	pos=(2.000, 0.000, 22.000)	rot=(0.0, 0.0, 0.0)	center=(2.000, 0.500, 22.000)	size=(2.000, 1.000, 2.000)
Floor/Floor2x2 (118)	pos=(10.000, 0.000, 22.000)	rot=(0.0, 0.0, 0.0)	center=(10.000, 0.500, 22.000)	size=(2.000, 1.000, 2.000)
Floor/Floor2x2 (59)	pos=(6.000, 0.000, 22.000)	rot=(0.0, 0.0, 0.0)	center=(6.000, 0.500, 22.000)	size=(2.000, 1.000, 2.000)
Floor/Floor2x2 (119)	pos=(14.000, 0.000, 22.000)	rot=(0.3, 0.0, 0.0)	center=(14.000, 0.500, 22.003)	size=(2.000, 1.012, 2.006)
Floor/Floor2x2 (7)	pos=(0.000, 0.000, 14.000)	rot=(0.0, 0.0, 0.0)	center=(0.000, 0.500, 14.000)	size=(2.000, 1.000, 2.000)
Floor/Floor2x2 (120)	pos=(8.000, 0.000, 14.000)	rot=(0.0, 0.0, 0.0)	center=(8.000, 0.500, 14.000)	size=(2.000, 1.000, 2.000)
Floor/Floor2x2 (60)	pos=(4.000, 0.000, 14.000)	rot=(0.0, 0.0, 0.0)	center=(4.000, 0.500, 14.000)	size=(2.000, 1.000, 2.000)
Floor/Floor2x2 (121)	pos=(12.000, 0.000, 14.000)	rot=(0.0, 0.0, 0.0)	center=(12.000, 0.500, 14.000)	size=(2.000, 1.000, 2.000)
Floor/Floor2x2 (30)	pos=(2.000, 0.000, 14.000)	rot=(0.0, 0.0, 0.0)	center=(2.000, 0.500, 14.000)	size=(2.000, 1.000, 2.000)
Floor/Floor2x2 (122)	pos=(10.000, 0.000, 14.000)	rot=(0.0, 0.0, 0.0)	center=(10.000, 0.500, 14.000)	size=(2.000, 1.000, 2.000)
Floor/Floor2x2 (61)	pos=(6.000, 0.000, 14.000)	rot=(0.0, 0.0, 0.0)	center=(6.000, 0.500, 14.000)	size=(2.000, 1.000, 2.000)
Floor/Floor2x2 (123)	pos=(14.000, 0.000, 14.000)	rot=(0.0, 0.0, 0.0)	center=(14.000, 0.500, 14.000)	size=(2.000, 1.000, 2.000)
Floor/Floor2x2 (15)	pos=(0.000, 0.000, 30.000)	rot=(0.0, 0.0, 0.0)	center=(0.000, 0.500, 30.000)	size=(2.000, 1.000, 2.000)
Floor/Floor2x2 (62)	pos=(4.000, 0.000, 30.000)	rot=(0.0, 0.0, 0.0)	center=(4.000, 0.500, 30.000)	size=(2.000, 1.000, 2.000)
Floor/Floor2x2 (125)	pos=(12.000, 0.000, 30.000)	rot=(0.0, 0.0, 0.0)	center=(12.000, 0.500, 30.000)	size=(2.000, 1.000, 2.000)
Floor/Floor2x2 (31)	pos=(2.000, 0.000, 30.000)	rot=(0.0, 0.0, 0.0)	center=(2.000, 0.500, 30.000)	size=(2.000, 1.000, 2.000)
Floor/Floor2x2 (126)	pos=(10.000, 0.000, 30.000)	rot=(0.0, 0.0, 0.0)	center=(10.000, 0.500, 30.000)	size=(2.000, 1.000, 2.000)
Floor/Floor2x2 (127)	pos=(14.000, 0.000, 30.000)	rot=(0.0, 0.0, 0.0)	center=(14.000, 0.500, 30.000)	size=(2.000, 1.000, 2.000)
Floor/mv_WallSupportElement	pos=(14.557, -2.489, -0.055)	rot=(0.0, 0.0, 0.0)	center=(14.744, -1.239, -0.393)	size=(0.375, 2.500, 0.675)
Floor/mv_WallSupportElement (7)	pos=(11.557, -2.489, -0.055)	rot=(0.0, 0.0, 0.0)	center=(11.744, -1.239, -0.393)	size=(0.375, 2.500, 0.675)
Floor/mv_WallSupportElement (1)	pos=(14.557, -2.489, 3.945)	rot=(0.0, 0.0, 0.0)	center=(14.744, -1.239, 3.607)	size=(0.375, 2.500, 0.675)
Floor/mv_WallSupportElement (2)	pos=(14.557, -2.489, 8.945)	rot=(0.0, 0.0, 0.0)	center=(14.744, -1.239, 8.607)	size=(0.375, 2.500, 0.675)
Floor/mv_WallSupportElement (3)	pos=(14.557, -2.489, 13.945)	rot=(0.0, 0.0, 0.0)	center=(14.744, -1.239, 13.607)	size=(0.375, 2.500, 0.675)
Floor/mv_WallSupportElement (4)	pos=(14.557, -2.489, 18.945)	rot=(0.0, 0.0, 0.0)	center=(14.744, -1.239, 18.607)	size=(0.375, 2.500, 0.675)
Floor/mv_WallSupportElement (5)	pos=(14.557, -2.489, 23.945)	rot=(0.0, 0.0, 0.0)	center=(14.744, -1.239, 23.607)	size=(0.375, 2.500, 0.675)
Floor/mv_WallSupportElement (6)	pos=(14.557, -2.489, 28.945)	rot=(0.0, 0.0, 0.0)	center=(14.744, -1.239, 28.607)	size=(0.375, 2.500, 0.675)
Floor/mv_WallSupportElement (8)	pos=(17.130, -3.840, 26.820)	rot=(0.0, 0.0, 0.0)	center=(17.318, -2.590, 26.483)	size=(0.375, 2.500, 0.675)
Floor/mv_WallSupportElement (10)	pos=(17.130, -3.840, 24.820)	rot=(0.0, 0.0, 0.0)	center=(17.318, -2.590, 24.483)	size=(0.375, 2.500, 0.675)
Floor/mv_WallSupportElement (9)	pos=(17.130, -1.370, 26.820)	rot=(0.0, 0.0, 0.0)	center=(17.318, -0.120, 26.483)	size=(0.375, 2.500, 0.675)
Floor/mv_WallSupportElement (11)	pos=(17.130, -1.370, 24.820)	rot=(0.0, 0.0, 0.0)	center=(17.318, -0.120, 24.483)	size=(0.375, 2.500, 0.675)
BuildingD	pos=(0.000, 1.000, 2.000)	rot=(0.0, 0.0, 0.0)	center=(6.321, 3.755, 12.954)	size=(13.558, 5.671, 22.107)
BuildingD/Level0	pos=(0.000, 1.000, 2.000)	rot=(0.0, 0.0, 0.0)	center=(7.070, 2.321, 13.000)	size=(10.140, 2.650, 18.286)
BuildingD/Level0/WindowDoor	pos=(8.000, 1.000, 4.000)	rot=(0.0, 0.0, 0.0)	center=(6.000, 2.250, 3.929)	size=(4.000, 2.500, 0.144)
BuildingD/Level0/WindowDoor/Window door frame	pos=(8.000, 1.000, 4.000)	rot=(0.0, 0.0, 0.0)	center=(6.000, 2.250, 3.929)	size=(4.000, 2.500, 0.144)
BuildingD/Level0/WindowDoor/Window door frame/Window door door	pos=(6.000, 1.000, 3.929)	rot=(0.0, 0.0, 0.0)	center=(6.884, 2.244, 3.929)	size=(1.768, 2.425, 0.013)
BuildingD/Level0/WindowDoor/Window door frame/Window door knob	pos=(7.642, 1.925, 3.929)	rot=(0.0, 0.0, 0.0)	center=(7.641, 1.925, 3.929)	size=(0.027, 0.150, 0.144)
BuildingD/Level0/WindowDoor/Window door frame/Window door windows side	pos=(6.000, 1.000, 3.929)	rot=(0.0, 0.0, 0.0)	center=(6.000, 2.244, 3.929)	size=(4.000, 2.425, 0.013)
BuildingD/Level0/WindowDoor/Window door frame/Window door window	pos=(4.232, 1.000, 3.945)	rot=(0.0, 0.0, 0.0)	center=(5.116, 2.244, 3.945)	size=(1.768, 2.425, 0.013)
BuildingD/Level0/WindowDoor (1)	pos=(6.000, 1.000, 22.000)	rot=(0.0, 180.0, 0.0)	center=(8.000, 2.250, 22.071)	size=(4.000, 2.500, 0.144)
BuildingD/Level0/WindowDoor (1)/Window door frame	pos=(6.000, 1.000, 22.000)	rot=(0.0, 180.0, 0.0)	center=(8.000, 2.250, 22.071)	size=(4.000, 2.500, 0.144)
BuildingD/Level0/WindowDoor (1)/Window door frame/Window door door	pos=(8.000, 1.000, 22.071)	rot=(0.0, 180.0, 0.0)	center=(7.116, 2.244, 22.071)	size=(1.768, 2.425, 0.013)
BuildingD/Level0/WindowDoor (1)/Window door frame/Window door knob	pos=(6.358, 1.925, 22.071)	rot=(0.0, 180.0, 0.0)	center=(6.359, 1.925, 22.071)	size=(0.027, 0.150, 0.144)
BuildingD/Level0/WindowDoor (1)/Window door frame/Window door windows side	pos=(8.000, 1.000, 22.071)	rot=(0.0, 180.0, 0.0)	center=(8.000, 2.244, 22.071)	size=(4.000, 2.425, 0.013)
BuildingD/Level0/WindowDoor (1)/Window door frame/Window door window	pos=(9.768, 1.000, 22.055)	rot=(0.0, 180.0, 0.0)	center=(8.884, 2.244, 22.055)	size=(1.768, 2.425, 0.013)
BuildingD/Level0/Stairs	pos=(2.305, 1.000, 15.917)	rot=(0.0, 90.0, 0.0)	center=(2.805, 2.321, 17.667)	size=(1.000, 2.650, 3.500)
BuildingD/Level0/Stairs (1)	pos=(3.305, 1.000, 15.917)	rot=(0.0, 90.0, 0.0)	center=(3.668, 2.321, 17.667)	size=(0.725, 2.650, 3.500)
BuildingD/Level1	pos=(0.000, 3.790, 2.000)	rot=(0.0, 0.0, 0.0)	center=(6.464, 4.884, 12.985)	size=(13.084, 2.833, 22.020)
BuildingD/Level1/WindowDoor	pos=(8.000, 3.790, 5.500)	rot=(0.0, 0.0, 0.0)	center=(6.000, 5.040, 5.429)	size=(4.000, 2.500, 0.144)
BuildingD/Level1/WindowDoor/Window door frame	pos=(8.000, 3.790, 5.500)	rot=(0.0, 0.0, 0.0)	center=(6.000, 5.040, 5.429)	size=(4.000, 2.500, 0.144)
BuildingD/Level1/WindowDoor/Window door frame/Window door door	pos=(6.000, 3.790, 5.429)	rot=(0.0, 0.0, 0.0)	center=(6.884, 5.034, 5.429)	size=(1.768, 2.425, 0.013)
BuildingD/Level1/WindowDoor/Window door frame/Window door knob	pos=(7.642, 4.715, 5.429)	rot=(0.0, 0.0, 0.0)	center=(7.641, 4.715, 5.429)	size=(0.027, 0.150, 0.144)
BuildingD/Level1/WindowDoor/Window door frame/Window door windows side	pos=(6.000, 3.790, 5.429)	rot=(0.0, 0.0, 0.0)	center=(6.000, 5.034, 5.429)	size=(4.000, 2.425, 0.013)
BuildingD/Level1/WindowDoor/Window door frame/Window door window	pos=(4.232, 3.790, 5.445)	rot=(0.0, 0.0, 0.0)	center=(5.116, 5.034, 5.445)	size=(1.768, 2.425, 0.013)
BuildingD/Level1/WindowDoor (1)	pos=(6.000, 3.790, 23.500)	rot=(0.0, 180.0, 0.0)	center=(8.000, 5.040, 23.571)	size=(4.000, 2.500, 0.144)
BuildingD/Level1/WindowDoor (1)/Window door frame	pos=(6.000, 3.790, 23.500)	rot=(0.0, 180.0, 0.0)	center=(8.000, 5.040, 23.571)	size=(4.000, 2.500, 0.144)
BuildingD/Level1/WindowDoor (1)/Window door frame/Window door door	pos=(8.000, 3.790, 23.571)	rot=(0.0, 180.0, 0.0)	center=(7.116, 5.034, 23.571)	size=(1.768, 2.425, 0.013)
BuildingD/Level1/WindowDoor (1)/Window door frame/Window door knob	pos=(6.358, 4.715, 23.571)	rot=(0.0, 180.0, 0.0)	center=(6.359, 4.715, 23.571)	size=(0.027, 0.150, 0.144)
BuildingD/Level1/WindowDoor (1)/Window door frame/Window door windows side	pos=(8.000, 3.790, 23.571)	rot=(0.0, 180.0, 0.0)	center=(8.000, 5.034, 23.571)	size=(4.000, 2.425, 0.013)
BuildingD/Level1/WindowDoor (1)/Window door frame/Window door window	pos=(9.768, 3.790, 23.555)	rot=(0.0, 180.0, 0.0)	center=(8.884, 5.034, 23.555)	size=(1.768, 2.425, 0.013)
BuildingD/Level1 Floor	pos=(0.000, 3.500, 2.000)	rot=(0.0, 0.0, 0.0)	center=(6.500, 3.650, 12.950)	size=(13.200, 0.300, 22.100)
BuildingD/Level2 Floor	pos=(0.000, 6.290, 2.000)	rot=(0.0, 0.0, 0.0)	center=(6.500, 6.440, 12.950)	size=(13.200, 0.300, 22.100)
BuildingD/mv_PillarB	pos=(12.550, 1.000, 3.000)	rot=(0.0, 0.0, 0.0)	center=(12.550, 2.250, 3.000)	size=(0.653, 2.500, 0.654)
BuildingD/mv_pillarA	pos=(12.690, 1.000, 10.000)	rot=(0.0, 0.0, 0.0)	center=(12.690, 2.250, 10.000)	size=(0.275, 2.500, 0.275)
BuildingD/mv_pillarA (3)	pos=(12.690, 1.000, 6.000)	rot=(0.0, 0.0, 0.0)	center=(12.690, 2.250, 6.000)	size=(0.275, 2.500, 0.275)
BuildingD/mv_pillarA (1)	pos=(12.690, 1.000, 15.000)	rot=(0.0, 0.0, 0.0)	center=(12.690, 2.250, 15.000)	size=(0.275, 2.500, 0.275)
BuildingD/mv_pillarA (2)	pos=(12.690, 1.000, 21.000)	rot=(0.0, 0.0, 0.0)	center=(12.690, 2.250, 21.000)	size=(0.275, 2.500, 0.275)
BuildingD/mv_WallSupportElement	pos=(-0.040, 1.027, 23.632)	rot=(0.0, 270.0, 0.0)	center=(0.298, 2.277, 23.820)	size=(0.675, 2.500, 0.375)
BuildingD/mv_WallSupportElement (5)	pos=(11.960, 1.027, 23.632)	rot=(0.0, 270.0, 0.0)	center=(12.298, 2.277, 23.820)	size=(0.675, 2.500, 0.375)
BuildingD/mv_WallSupportElement (1)	pos=(-0.040, 1.027, 20.632)	rot=(0.0, 270.0, 0.0)	center=(0.297, 2.277, 20.820)	size=(0.675, 2.500, 0.375)
BuildingD/mv_WallSupportElement (2)	pos=(-0.040, 1.027, 15.632)	rot=(0.0, 270.0, 0.0)	center=(0.297, 2.277, 15.820)	size=(0.675, 2.500, 0.375)
BuildingD/mv_WallSupportElement (3)	pos=(-0.040, 1.027, 11.632)	rot=(0.0, 270.0, 0.0)	center=(0.297, 2.277, 11.820)	size=(0.675, 2.500, 0.375)
BuildingD/mv_WallSupportElement (4)	pos=(-0.040, 1.027, 7.632)	rot=(0.0, 270.0, 0.0)	center=(0.297, 2.277, 7.820)	size=(0.675, 2.500, 0.375)
BuildingD/Level0 Objects	pos=(7.000, 1.000, 13.000)	rot=(0.0, 0.0, 0.0)	center=(6.997, 3.617, 13.636)	size=(10.165, 5.395, 19.459)
BuildingD/Level1 Objects	pos=(7.000, 3.800, 13.000)	rot=(0.0, 0.0, 0.0)	center=(5.796, 4.898, 12.019)	size=(12.508, 2.822, 19.921)
BuildingD/Level2 Objects	pos=(0.000, 1.000, 2.000)	rot=(0.0, 0.0, 0.0)	center=(0.000, 1.000, 2.000)	size=(0.000, 0.000, 0.000)
BuildingD/PoolLight	pos=(10.629, 6.329, 23.826)	rot=(0.0, 0.0, 180.0)	center=(10.629, 6.304, 23.826)	size=(0.130, 0.050, 0.130)
BuildingD/PoolLight (2)	pos=(7.629, 6.329, 23.826)	rot=(0.0, 0.0, 180.0)	center=(7.629, 6.304, 23.826)	size=(0.130, 0.050, 0.130)
BuildingD/PoolLight (4)	pos=(3.629, 6.329, 23.826)	rot=(0.0, 0.0, 180.0)	center=(3.629, 6.304, 23.826)	size=(0.130, 0.050, 0.130)
BuildingD/PoolLight (6)	pos=(5.629, 6.329, 23.826)	rot=(0.0, 0.0, 180.0)	center=(5.629, 6.304, 23.826)	size=(0.130, 0.050, 0.130)
BuildingD/PoolLight (1)	pos=(9.629, 6.329, 23.826)	rot=(0.0, 0.0, 180.0)	center=(9.629, 6.304, 23.826)	size=(0.130, 0.050, 0.130)
BuildingD/PoolLight (8)	pos=(8.629, 6.329, 23.826)	rot=(0.0, 0.0, 180.0)	center=(8.629, 6.304, 23.826)	size=(0.130, 0.050, 0.130)
BuildingD/PoolLight (3)	pos=(6.629, 6.329, 23.826)	rot=(0.0, 0.0, 180.0)	center=(6.629, 6.304, 23.826)	size=(0.130, 0.050, 0.130)
BuildingD/PoolLight (5)	pos=(2.629, 6.329, 23.826)	rot=(0.0, 0.0, 180.0)	center=(2.629, 6.304, 23.826)	size=(0.130, 0.050, 0.130)
BuildingD/PoolLight (7)	pos=(4.629, 6.329, 23.826)	rot=(0.0, 0.0, 180.0)	center=(4.629, 6.304, 23.826)	size=(0.130, 0.050, 0.130)
Terrain	pos=(-57.280, -5.700, -44.000)	rot=(0.0, 0.0, 0.0)	center=(-57.280, -5.700, -44.000)	size=(0.000, 0.000, 0.000)
PoolLevel	pos=(-2.020, 0.000, 0.000)	rot=(0.0, 0.0, 0.0)	center=(-2.180, 0.241, 11.517)	size=(31.640, 3.169, 40.965)
PoolLevel/Pool	pos=(-7.020, 0.106, 0.000)	rot=(0.0, 180.0, 0.0)	center=(-7.520, -0.146, 9.000)	size=(13.000, 1.696, 18.000)
PoolLevel/Floor	pos=(-2.020, 0.000, 0.000)	rot=(0.0, 0.0, 0.0)	center=(-9.500, -0.500, 16.000)	size=(17.000, 1.000, 32.000)
PoolLevel/Stairs	pos=(-2.020, 0.000, 0.000)	rot=(0.0, 0.0, 0.0)	center=(3.470, 0.440, -1.111)	size=(11.020, 0.880, 2.221)
PoolLevel/Stairs/StairsA_Corner	pos=(-1.020, 0.000, -2.201)	rot=(0.0, 180.0, 0.0)	center=(-1.030, 0.440, -1.111)	size=(2.020, 0.880, 2.221)
PoolLevel/Stairs/StairsA	pos=(-0.020, 0.000, -2.201)	rot=(0.0, 180.0, 0.0)	center=(0.480, 0.440, -1.611)	size=(1.000, 0.880, 1.220)
PoolLevel/Stairs/StairsA (3)	pos=(2.980, 0.000, -2.201)	rot=(0.0, 180.0, 0.0)	center=(3.480, 0.440, -1.611)	size=(1.000, 0.880, 1.220)
PoolLevel/Stairs/StairsA (6)	pos=(5.980, 0.000, -2.201)	rot=(0.0, 180.0, 0.0)	center=(6.480, 0.440, -1.611)	size=(1.000, 0.880, 1.220)
PoolLevel/Stairs/StairsA (1)	pos=(0.980, 0.000, -2.201)	rot=(0.0, 180.0, 0.0)	center=(1.480, 0.440, -1.611)	size=(1.000, 0.880, 1.220)
PoolLevel/Stairs/StairsA (4)	pos=(3.980, 0.000, -2.201)	rot=(0.0, 180.0, 0.0)	center=(4.480, 0.440, -1.611)	size=(1.000, 0.880, 1.220)
PoolLevel/Stairs/StairsA (7)	pos=(6.980, 0.000, -2.201)	rot=(0.0, 180.0, 0.0)	center=(7.480, 0.440, -1.611)	size=(1.000, 0.880, 1.220)
PoolLevel/Stairs/StairsA (2)	pos=(1.980, 0.000, -2.201)	rot=(0.0, 180.0, 0.0)	center=(2.480, 0.440, -1.611)	size=(1.000, 0.880, 1.220)
PoolLevel/Stairs/StairsA (5)	pos=(4.980, 0.000, -2.201)	rot=(0.0, 180.0, 0.0)	center=(5.480, 0.440, -1.611)	size=(1.000, 0.880, 1.220)
PoolLevel/Stairs/StairsA (8)	pos=(7.980, 0.000, -2.201)	rot=(0.0, 180.0, 0.0)	center=(8.480, 0.440, -1.611)	size=(1.000, 0.880, 1.220)
PoolLevel/Terrace	pos=(-2.020, 0.000, 0.000)	rot=(0.0, 0.0, 0.0)	center=(2.003, -0.617, -4.459)	size=(17.994, 1.454, 9.000)
PoolLevel/mv_CouchTableD	pos=(6.350, 0.099, -2.850)	rot=(0.0, 0.0, 0.0)	center=(6.352, 0.508, -2.852)	size=(0.398, 0.843, 0.398)
PoolLevel/Objects	pos=(-2.020, 0.100, 0.000)	rot=(0.0, 0.0, 0.0)	center=(4.406, 0.910, -3.474)	size=(18.468, 1.830, 10.982)
PoolLevel/Lounger	pos=(-4.060, 0.000, 19.880)	rot=(0.0, 180.0, 0.0)	center=(-4.060, 0.313, 19.794)	size=(0.707, 0.627, 2.180)
PoolLevel/Lounger (1)	pos=(-6.060, 0.000, 19.880)	rot=(0.0, 180.0, 0.0)	center=(-6.060, 0.313, 19.794)	size=(0.707, 0.627, 2.180)
PoolLevel/Lounger (2)	pos=(-8.321, 0.000, 19.880)	rot=(0.0, 180.0, 0.0)	center=(-8.321, 0.313, 19.794)	size=(0.707, 0.627, 2.180)
PoolLevel/Lounger (3)	pos=(-9.790, 0.000, 19.880)	rot=(0.0, 180.0, 0.0)	center=(-9.785, 0.313, 19.794)	size=(0.717, 0.627, 2.180)
FloorLevelTerrace	pos=(0.000, 1.000, 0.000)	rot=(0.0, 0.0, 0.0)	center=(5.433, 1.515, 9.509)	size=(19.009, 2.843, 29.053)
FloorLevelTerrace/DiningTable	pos=(7.335, 1.000, 1.000)	rot=(0.0, 90.0, 0.0)	center=(7.311, 1.709, 1.000)	size=(2.199, 1.433, 2.211)
FloorLevelTerrace/FloorDecorationA	pos=(-0.583, 0.975, -0.056)	rot=(0.0, 0.0, 0.0)	center=(-0.583, 1.179, -0.056)	size=(0.600, 0.407, 0.600)
FloorLevelTerrace/FloorDecorationC	pos=(-0.342, 0.949, -0.610)	rot=(0.0, 0.0, 0.0)	center=(-0.342, 1.223, -0.610)	size=(0.600, 0.549, 0.600)
FloorLevelTerrace/FloorDecorationB	pos=(0.012, 1.000, -0.061)	rot=(0.0, 0.0, 0.0)	center=(0.012, 1.430, -0.061)	size=(0.538, 0.860, 0.538)
FloorLevelTerrace/CouchTableB	pos=(1.167, 1.000, 0.490)	rot=(0.0, 322.0, 0.0)	center=(1.163, 1.295, 0.490)	size=(1.071, 0.589, 1.067)
FloorLevelTerrace/Railing2m	pos=(14.902, 1.000, 0.000)	rot=(0.0, 90.0, 0.0)	center=(14.902, 1.413, 0.970)	size=(0.071, 0.827, 2.000)
FloorLevelTerrace/Railing2m (6)	pos=(14.902, 1.000, 12.000)	rot=(0.0, 90.0, 0.0)	center=(14.902, 1.413, 12.970)	size=(0.071, 0.827, 2.000)
FloorLevelTerrace/Railing2m (2)	pos=(14.902, 1.000, 4.000)	rot=(0.0, 90.0, 0.0)	center=(14.902, 1.413, 4.970)	size=(0.071, 0.827, 2.000)
FloorLevelTerrace/Railing2m (7)	pos=(14.902, 1.000, 16.000)	rot=(0.0, 90.0, 0.0)	center=(14.902, 1.413, 16.970)	size=(0.071, 0.827, 2.000)
FloorLevelTerrace/Railing2m (4)	pos=(14.902, 1.000, 8.000)	rot=(0.0, 90.0, 0.0)	center=(14.902, 1.413, 8.970)	size=(0.071, 0.827, 2.000)
FloorLevelTerrace/Railing2m (8)	pos=(14.902, 1.000, 20.000)	rot=(0.0, 90.0, 0.0)	center=(14.902, 1.413, 20.970)	size=(0.071, 0.827, 2.000)
FloorLevelTerrace/Railing2m (1)	pos=(14.902, 1.000, 2.000)	rot=(0.0, 90.0, 0.0)	center=(14.902, 1.413, 2.970)	size=(0.071, 0.827, 2.000)
FloorLevelTerrace/Railing2m (9)	pos=(14.902, 1.000, 14.000)	rot=(0.0, 90.0, 0.0)	center=(14.902, 1.413, 14.970)	size=(0.071, 0.827, 2.000)
FloorLevelTerrace/Railing2m (3)	pos=(14.902, 1.000, 6.000)	rot=(0.0, 90.0, 0.0)	center=(14.902, 1.413, 6.970)	size=(0.071, 0.827, 2.000)
FloorLevelTerrace/Railing2m (10)	pos=(14.902, 1.000, 18.000)	rot=(0.0, 90.0, 0.0)	center=(14.902, 1.413, 18.970)	size=(0.071, 0.827, 2.000)
FloorLevelTerrace/Railing2m (5)	pos=(14.902, 1.000, 10.000)	rot=(0.0, 90.0, 0.0)	center=(14.902, 1.413, 10.970)	size=(0.071, 0.827, 2.000)
FloorLevelTerrace/Railing2m (11)	pos=(14.902, 1.000, 22.000)	rot=(0.0, 90.0, 0.0)	center=(14.902, 1.413, 22.970)	size=(0.071, 0.827, 2.000)
FloorLevelTerrace/RailingEndShort	pos=(14.902, 1.000, 24.000)	rot=(0.0, 270.0, 0.0)	center=(14.902, 1.413, 24.003)	size=(0.070, 0.827, 0.066)
FloorLevelTerrace/VaseB (1)	pos=(-0.156, 1.000, 1.352)	rot=(0.0, 0.0, 0.0)	center=(-0.190, 1.966, 1.400)	size=(1.308, 1.942, 1.208)
FloorLevelTerrace/CouchTable	pos=(13.950, 1.000, 0.899)	rot=(0.0, 0.0, 0.0)	center=(13.950, 1.300, 0.899)	size=(0.557, 0.600, 0.557)
FloorLevelTerrace/GardenChair	pos=(1.413, 1.000, 1.569)	rot=(0.0, 198.3, 0.0)	center=(1.435, 1.444, 1.636)	size=(0.925, 0.888, 0.924)
FloorLevelTerrace/Firebowl	pos=(2.976, 1.000, -0.374)	rot=(0.0, 0.0, 0.0)	center=(2.976, 1.161, -0.374)	size=(0.794, 0.321, 0.794)
FloorLevelTerrace/Candle	pos=(7.321, 1.782, 0.332)	rot=(0.0, 0.0, 0.0)	center=(7.321, 1.842, 0.332)	size=(0.090, 0.120, 0.090)
FloorLevelTerrace/Candle (1)	pos=(7.321, 1.782, 1.400)	rot=(0.0, 0.0, 0.0)	center=(7.321, 1.849, 1.400)	size=(0.101, 0.134, 0.101)
FloorLevelTerrace/StoneboxHigh	pos=(10.808, 1.000, 2.965)	rot=(0.0, 0.0, 0.0)	center=(10.930, 1.379, 2.867)	size=(1.244, 0.758, 0.824)
FloorLevelTerrace/StoneboxHigh (1)	pos=(2.808, 1.000, 2.965)	rot=(0.0, 0.0, 0.0)	center=(2.930, 1.379, 2.867)	size=(1.244, 0.758, 0.824)
FloorLevelTerrace/PottedPlantA	pos=(5.358, 1.000, 1.247)	rot=(0.0, 0.0, 0.0)	center=(5.327, 1.680, 1.285)	size=(1.192, 1.358, 1.199)
FloorLevelTerrace/PottedPlantB	pos=(13.094, 1.000, 3.695)	rot=(0.0, 0.0, 0.0)	center=(13.125, 1.899, 3.700)	size=(1.348, 1.799, 1.214)
FloorLevelTerrace/PottedPlantC	pos=(7.334, 1.782, 1.697)	rot=(0.0, 297.9, 0.0)	center=(7.346, 2.039, 1.681)	size=(0.678, 0.514, 0.688)
FloorLevelTerrace/Barbecue	pos=(-3.053, 0.188, -0.734)	rot=(0.0, 180.0, 0.0)	center=(-3.068, 0.854, -1.138)	size=(2.006, 1.521, 2.004)
FloorLevelTerrace/Barbecue/Barbecue_DoorA_LOD0	pos=(-3.053, 0.188, -0.734)	rot=(0.0, 180.0, 0.0)	center=(-2.790, 0.638, -1.056)	size=(0.519, 0.843, 0.030)
FloorLevelTerrace/Barbecue/Barbecue_DoorA_LOD1	pos=(-3.053, 0.188, -0.734)	rot=(0.0, 180.0, 0.0)	center=(-2.790, 0.638, -1.056)	size=(0.519, 0.843, 0.030)
FloorLevelTerrace/Barbecue/Barbecue_DoorB_LOD0	pos=(-3.053, 0.188, -0.734)	rot=(0.0, 180.0, 0.0)	center=(-3.316, 0.638, -1.056)	size=(0.519, 0.843, 0.030)
FloorLevelTerrace/Barbecue/Barbecue_DoorB_LOD1	pos=(-3.053, 0.188, -0.734)	rot=(0.0, 180.0, 0.0)	center=(-3.316, 0.638, -1.056)	size=(0.519, 0.843, 0.030)
FloorLevelTerrace/PottedPlantC	pos=(-1.840, 0.104, -4.701)	rot=(0.0, 0.0, 0.0)	center=(-1.850, 0.411, -4.723)	size=(0.618, 0.614, 0.589)
FloorLevelTerrace/PottedPlantB	pos=(5.259, 0.099, -4.327)	rot=(0.0, 0.0, 0.0)	center=(5.274, 0.529, -4.325)	size=(0.645, 0.861, 0.581)
Plants	pos=(0.000, 0.000, 0.000)	rot=(0.0, 0.0, 0.0)	center=(2.470, 1.644, 10.454)	size=(25.033, 7.261, 52.413)
Plants/mv_PalmA	pos=(-7.521, -0.902, -1.820)	rot=(0.0, 0.0, 0.0)	center=(-7.916, 2.185, -1.791)	size=(4.261, 6.179, 4.019)
Plants/mv_PalmB	pos=(12.730, -1.430, -4.620)	rot=(0.0, 0.0, 0.0)	center=(12.518, 0.763, -4.547)	size=(4.155, 4.395, 4.326)
Plants/mv_PalmC	pos=(-1.310, -0.902, 34.720)	rot=(0.0, 0.0, 0.0)	center=(-1.995, 1.825, 33.961)	size=(5.783, 5.459, 5.400)
Plants/PalmA	pos=(13.250, -1.985, -8.310)	rot=(0.0, 0.0, 0.0)	center=(12.855, 1.102, -8.281)	size=(4.261, 6.179, 4.019)
Plants/PalmC	pos=(10.512, -0.902, -12.294)	rot=(0.0, 0.0, 0.0)	center=(9.827, 1.825, -13.053)	size=(5.783, 5.459, 5.400)
FireBox	pos=(14.037, 1.000, -0.017)	rot=(0.0, 180.0, 0.0)	center=(14.037, 1.138, -0.017)	size=(0.600, 0.275, 0.200)
FireBox/fire box	pos=(14.037, 1.000, -0.017)	rot=(0.0, 180.0, 0.0)	center=(14.037, 1.138, -0.017)	size=(0.600, 0.275, 0.200)
PavillonC	pos=(16.210, 1.050, 25.570)	rot=(0.0, 90.0, 0.0)	center=(15.261, 2.761, 18.906)	size=(5.521, 3.545, 16.951)
PavillonC/PavillonSeat	pos=(15.584, 1.150, 26.266)	rot=(0.0, 126.4, 0.0)	center=(15.545, 1.627, 26.296)	size=(1.454, 0.955, 1.417)
PavillonC/PavillonSideTable	pos=(15.320, 1.150, 25.505)	rot=(0.0, 180.0, 0.0)	center=(15.106, 2.037, 18.074)	size=(5.211, 2.099, 15.288)
Sunshade	pos=(11.926, -1.040, -9.736)	rot=(0.0, 333.5, 338.9)	center=(12.304, 0.057, -9.547)	size=(4.670, 3.474, 4.346)
LoungeArea	pos=(-9.000, 0.000, 21.000)	rot=(0.0, 0.0, 0.0)	center=(-6.178, 1.397, 14.362)	size=(14.349, 2.803, 21.684)
LoungeArea/LoungerB Variant	pos=(-8.746, 0.000, 23.936)	rot=(0.0, 180.0, 0.0)	center=(-8.746, 0.455, 23.936)	size=(6.471, 0.911, 2.536)
LoungeArea/GrandSunshade	pos=(-9.021, 0.000, 21.122)	rot=(0.0, 180.0, 0.0)	center=(-9.028, 1.121, 19.895)	size=(3.008, 2.242, 3.473)
LoungeArea/GrandSunshade (1)	pos=(-4.860, 0.000, 21.122)	rot=(0.0, 180.0, 0.0)	center=(-4.866, 1.121, 19.895)	size=(3.008, 2.242, 3.473)
LoungeArea/FloorLightB on Variant	pos=(-1.302, 0.000, 18.156)	rot=(0.0, 0.0, 0.0)	center=(-1.302, 0.302, 18.156)	size=(0.100, 0.603, 0.100)
LoungeArea/FloorLightB on Variant (2)	pos=(-5.302, 0.000, 18.156)	rot=(0.0, 0.0, 0.0)	center=(-5.302, 0.302, 18.156)	size=(0.100, 0.603, 0.100)
LoungeArea/FloorLightB on Variant (4)	pos=(-9.302, 0.000, 18.156)	rot=(0.0, 0.0, 0.0)	center=(-9.302, 0.302, 18.156)	size=(0.100, 0.603, 0.100)
LoungeArea/FloorLightB on Variant (5)	pos=(-13.302, 0.000, 18.156)	rot=(0.0, 0.0, 0.0)	center=(-13.302, 0.302, 18.156)	size=(0.100, 0.603, 0.100)
LoungeArea/CouchTable	pos=(-9.048, 0.000, 20.479)	rot=(0.0, 0.0, 0.0)	center=(-9.048, 0.242, 20.479)	size=(0.557, 0.485, 0.557)
LoungeArea/CouchTable (1)	pos=(-4.876, -0.004, 20.479)	rot=(0.0, 0.0, 0.0)	center=(-4.876, 0.238, 20.479)	size=(0.557, 0.485, 0.557)
LoungeArea/OilVase	pos=(0.433, 1.000, 18.496)	rot=(0.0, 0.0, 0.0)	center=(0.433, 1.512, 18.496)	size=(1.128, 1.000, 1.128)
LoungeArea/OilVaseB Variant	pos=(0.358, 1.000, 9.480)	rot=(0.0, 0.0, 0.0)	center=(0.341, 1.401, 9.464)	size=(1.034, 0.789, 1.032)
LoungeArea/FloorLightB on Variant (7)	pos=(-0.827, 1.000, 8.070)	rot=(0.0, 0.0, 0.0)	center=(-0.827, 1.302, 8.070)	size=(0.100, 0.603, 0.100)
LoungeArea/FloorLightB on Variant (9)	pos=(-0.827, 1.000, 11.860)	rot=(0.0, 0.0, 0.0)	center=(-0.827, 1.302, 11.860)	size=(0.100, 0.603, 0.100)
LoungeArea/FloorLightB on Variant (10)	pos=(-0.827, 1.000, 15.658)	rot=(0.0, 0.0, 0.0)	center=(-0.827, 1.302, 15.658)	size=(0.100, 0.603, 0.100)
LoungeArea/FloorLightB on Variant (11)	pos=(-0.827, 1.000, 23.690)	rot=(0.0, 0.0, 0.0)	center=(-0.827, 1.302, 23.690)	size=(0.100, 0.603, 0.100)
LoungeArea/FloorLightB on Variant (8)	pos=(-0.827, 1.000, 3.570)	rot=(0.0, 0.0, 0.0)	center=(-0.827, 1.302, 3.570)	size=(0.100, 0.603, 0.100)
LoungeArea/PottedPlantA	pos=(0.027, 1.000, 6.934)	rot=(0.0, 0.0, 0.0)	center=(-0.005, 1.680, 6.972)	size=(1.192, 1.358, 1.199)
LoungeArea/PottedPlantB	pos=(0.106, 1.000, 14.985)	rot=(0.0, 0.0, 0.0)	center=(0.138, 1.899, 14.990)	size=(1.348, 1.799, 1.214)
LoungeArea/StairsA	pos=(-2.117, 0.000, 22.940)	rot=(0.0, 270.0, 0.0)	center=(-1.527, 0.440, 22.440)	size=(1.220, 0.880, 1.000)
LoungeArea/StairsA (2)	pos=(-2.117, 0.000, 20.940)	rot=(0.0, 270.0, 0.0)	center=(-1.527, 0.440, 20.440)	size=(1.220, 0.880, 1.000)
LoungeArea/StairsA (1)	pos=(-2.117, 0.000, 21.940)	rot=(0.0, 270.0, 0.0)	center=(-1.527, 0.440, 21.440)	size=(1.220, 0.880, 1.000)
LoungeArea/StairsA (3)	pos=(-2.117, 0.000, 19.940)	rot=(0.0, 270.0, 0.0)	center=(-1.527, 0.440, 19.440)	size=(1.220, 0.880, 1.000)
Front Area	pos=(13.608, -1.203, 23.705)	rot=(0.0, 0.0, 0.0)	center=(7.355, 1.631, 26.743)	size=(13.257, 5.262, 8.995)
Front Area/XL stonebox Variant	pos=(11.050, 1.000, 27.070)	rot=(0.0, 270.0, 0.0)	center=(11.355, 2.631, 26.678)	size=(5.257, 3.262, 6.784)
Front Area/XL stonebox Variant (1)	pos=(3.050, 1.000, 27.070)	rot=(0.0, 270.0, 0.0)	center=(3.355, 2.631, 26.678)	size=(5.257, 3.262, 6.784)
Front Area/FloorLight on Variant	pos=(4.306, 1.000, 24.427)	rot=(0.0, 0.0, 0.0)	center=(4.306, 1.385, 24.427)	size=(0.139, 0.771, 0.139)
Front Area/FloorLight on Variant (4)	pos=(4.306, 1.000, 27.427)	rot=(0.0, 0.0, 0.0)	center=(4.306, 1.385, 27.427)	size=(0.139, 0.771, 0.139)
Front Area/FloorLight on Variant (5)	pos=(9.806, 1.000, 27.427)	rot=(0.0, 0.0, 0.0)	center=(9.806, 1.385, 27.427)	size=(0.139, 0.771, 0.139)
Front Area/FloorLight on Variant (2)	pos=(9.806, 1.000, 24.427)	rot=(0.0, 0.0, 0.0)	center=(9.806, 1.385, 24.427)	size=(0.139, 0.771, 0.139)
Front Area/FloorLight on Variant (1)	pos=(4.306, 1.000, 29.927)	rot=(0.0, 0.0, 0.0)	center=(4.306, 1.385, 29.927)	size=(0.139, 0.771, 0.139)
Front Area/FloorLight on Variant (3)	pos=(9.806, 1.000, 29.927)	rot=(0.0, 0.0, 0.0)	center=(9.806, 1.385, 29.927)	size=(0.139, 0.771, 0.139)
Front Area/StoneboxLong	pos=(6.818, 0.647, 24.995)	rot=(0.0, 90.0, 0.0)	center=(6.843, 1.239, 24.891)	size=(1.506, 1.184, 4.207)
Front Area/StairsA	pos=(8.967, -1.000, 31.220)	rot=(0.0, 0.0, 0.0)	center=(8.467, -0.560, 30.630)	size=(1.000, 0.880, 1.220)
Front Area/StairsA (4)	pos=(8.967, 0.000, 28.220)	rot=(0.0, 0.0, 0.0)	center=(8.467, 0.440, 27.630)	size=(1.000, 0.880, 1.220)
Front Area/StairsA (1)	pos=(7.967, -1.000, 31.220)	rot=(0.0, 0.0, 0.0)	center=(7.467, -0.560, 30.630)	size=(1.000, 0.880, 1.220)
Front Area/StairsA (5)	pos=(7.967, 0.000, 28.220)	rot=(0.0, 0.0, 0.0)	center=(7.467, 0.440, 27.630)	size=(1.000, 0.880, 1.220)
Front Area/StairsA (2)	pos=(6.967, -1.000, 31.220)	rot=(0.0, 0.0, 0.0)	center=(6.467, -0.560, 30.630)	size=(1.000, 0.880, 1.220)
Front Area/StairsA (6)	pos=(6.967, 0.000, 28.220)	rot=(0.0, 0.0, 0.0)	center=(6.467, 0.440, 27.630)	size=(1.000, 0.880, 1.220)
Front Area/StairsA (3)	pos=(5.967, -1.000, 31.220)	rot=(0.0, 0.0, 0.0)	center=(5.467, -0.560, 30.630)	size=(1.000, 0.880, 1.220)
Front Area/StairsA (7)	pos=(5.967, 0.000, 28.220)	rot=(0.0, 0.0, 0.0)	center=(5.467, 0.440, 27.630)	size=(1.000, 0.880, 1.220)
Front Area/Floor2x2 (76)	pos=(8.000, 0.000, 24.000)	rot=(359.9, 359.9, 0.0)	center=(8.000, 0.500, 23.999)	size=(2.003, 1.004, 2.003)
Front Area/Floor2x2 (39)	pos=(6.000, 0.000, 24.000)	rot=(0.1, 359.5, 0.4)	center=(5.996, 0.500, 24.001)	size=(2.025, 1.018, 2.020)
Front Area/Floor2x2 (92)	pos=(8.000, -1.000, 29.000)	rot=(0.0, 0.0, 0.0)	center=(8.000, -0.500, 29.000)	size=(2.000, 1.000, 2.000)
Front Area/Floor2x2 (47)	pos=(6.000, -1.000, 29.000)	rot=(0.0, 0.0, 0.0)	center=(6.000, -0.500, 29.000)	size=(2.000, 1.000, 2.000)
Front Area/Floor2x2 (108)	pos=(8.000, 0.000, 26.000)	rot=(0.0, 0.0, 0.0)	center=(8.000, 0.500, 26.000)	size=(2.000, 1.000, 2.000)
Front Area/Floor2x2 (55)	pos=(6.000, 0.000, 26.000)	rot=(0.0, 0.0, 0.0)	center=(6.000, 0.500, 26.000)	size=(2.000, 1.000, 2.000)
Front Area/LanternC	pos=(8.720, 0.000, 28.691)	rot=(0.0, 321.4, 0.0)	center=(8.672, 0.200, 28.646)	size=(0.336, 0.399, 0.317)
Front Area/LanternB	pos=(8.704, 0.000, 28.465)	rot=(0.0, 12.0, 0.0)	center=(8.685, 0.269, 28.376)	size=(0.263, 0.538, 0.408)
Front Area/Lantern (1)	pos=(5.242, 0.000, 28.673)	rot=(0.0, 314.7, 0.0)	center=(5.242, 0.119, 28.673)	size=(0.212, 0.239, 0.212)
Front Area/LanternC (1)	pos=(5.463, 0.000, 28.584)	rot=(0.0, 33.8, 0.0)	center=(5.406, 0.200, 28.616)	size=(0.341, 0.399, 0.304)
Front Area/LanternB (1)	pos=(5.282, 0.000, 28.423)	rot=(0.0, 0.0, 0.0)	center=(5.282, 0.269, 28.331)	size=(0.189, 0.538, 0.377)
Front Area/mv_Planter	pos=(4.872, 1.000, 22.962)	rot=(0.0, 0.0, 0.0)	center=(7.055, 1.501, 22.857)	size=(6.128, 1.003, 1.223)
Cameras	pos=(0.000, 0.000, 0.000)	rot=(0.0, 0.0, 0.0)	center=(0.000, 0.000, 0.000)	size=(0.000, 0.000, 0.000)
Cameras/Camera	pos=(6.412, 2.690, 4.376)	rot=(13.6, 59.1, 0.0)	center=(6.412, 2.690, 4.376)	size=(0.000, 0.000, 0.000)
Cameras/Camera (1)	pos=(7.216, 2.898, 21.448)	rot=(18.9, 123.1, 0.0)	center=(7.216, 2.898, 21.448)	size=(0.000, 0.000, 0.000)
Cameras/Camera (2)	pos=(12.557, 2.719, 25.592)	rot=(10.6, 90.0, 0.0)	center=(12.557, 2.719, 25.592)	size=(0.000, 0.000, 0.000)
Cameras/Camera (3)	pos=(3.949, 4.723, -1.365)	rot=(37.9, 42.0, 0.0)	center=(3.949, 4.723, -1.365)	size=(0.000, 0.000, 0.000)
Cameras/Camera (4)	pos=(14.936, 2.867, -1.425)	rot=(19.3, 328.0, 0.0)	center=(14.936, 2.867, -1.425)	size=(0.000, 0.000, 0.000)
Cameras/Camera (5)	pos=(-1.053, 2.237, -4.025)	rot=(354.8, 26.1, 0.0)	center=(-1.053, 2.237, -4.025)	size=(0.000, 0.000, 0.000)
Cameras/Camera (6)	pos=(-14.128, 2.441, 4.326)	rot=(10.2, 56.2, 0.0)	center=(-14.128, 2.441, 4.326)	size=(0.000, 0.000, 0.000)
Cameras/Camera (7)	pos=(6.652, 2.914, 32.636)	rot=(9.5, 181.2, 0.0)	center=(6.652, 2.914, 32.636)	size=(0.000, 0.000, 0.000)
Cameras/Camera (8)	pos=(7.322, 2.816, 17.669)	rot=(9.9, 200.3, 0.0)	center=(7.322, 2.816, 17.669)	size=(0.000, 0.000, 0.000)
Cameras/Camera (9)	pos=(7.448, 5.243, 9.736)	rot=(5.4, 128.4, 0.0)	center=(7.448, 5.243, 9.736)	size=(0.000, 0.000, 0.000)
Cameras/Camera (10)	pos=(7.854, 5.984, 1.234)	rot=(35.6, 78.6, 0.0)	center=(7.854, 5.984, 1.234)	size=(0.000, 0.000, 0.000)
Cameras/Camera (11)	pos=(2.616, 2.926, -8.561)	rot=(33.2, 1.3, 0.0)	center=(2.616, 2.926, -8.561)	size=(0.000, 0.000, 0.000)
Foliage	pos=(13.792, -2.130, 4.290)	rot=(0.0, 0.0, 0.0)	center=(14.007, -1.036, 12.940)	size=(3.406, 1.360, 24.927)
Foliage/PlantA	pos=(14.327, -1.716, 1.051)	rot=(0.0, 0.0, 0.0)	center=(14.320, -1.498, 1.037)	size=(1.317, 0.436, 1.121)
Foliage/PlantA (2)	pos=(14.904, -1.591, 10.747)	rot=(0.0, 0.0, 0.0)	center=(14.897, -1.373, 10.733)	size=(1.317, 0.436, 1.121)
Foliage/PlantA (4)	pos=(14.185, -1.317, 15.599)	rot=(0.0, 0.0, 0.0)	center=(14.178, -1.098, 15.585)	size=(1.317, 0.436, 1.121)
Foliage/PlantA (1)	pos=(13.565, -1.325, 4.404)	rot=(0.0, 0.0, 0.0)	center=(13.557, -1.107, 4.389)	size=(1.317, 0.436, 1.121)
Foliage/PlantA (3)	pos=(14.142, -1.200, 14.100)	rot=(0.0, 0.0, 0.0)	center=(14.134, -0.982, 14.085)	size=(1.317, 0.436, 1.121)
Foliage/PlantA (5)	pos=(13.422, -0.926, 18.952)	rot=(0.0, 0.0, 0.0)	center=(13.415, -0.707, 18.938)	size=(1.317, 0.436, 1.121)
Foliage/PlantE	pos=(13.981, -1.460, 2.385)	rot=(0.0, 0.0, 0.0)	center=(14.002, -1.346, 2.380)	size=(0.552, 0.287, 0.613)
Foliage/PlantE (4)	pos=(14.558, -1.335, 12.081)	rot=(0.0, 0.0, 0.0)	center=(14.579, -1.221, 12.076)	size=(0.552, 0.287, 0.613)
Foliage/PlantE (8)	pos=(13.838, -1.061, 16.933)	rot=(0.0, 0.0, 0.0)	center=(13.860, -0.946, 16.928)	size=(0.552, 0.287, 0.613)
Foliage/PlantE (2)	pos=(13.218, -1.069, 5.737)	rot=(0.0, 0.0, 0.0)	center=(13.240, -0.955, 5.733)	size=(0.552, 0.287, 0.613)
Foliage/PlantE (5)	pos=(13.795, -0.944, 15.433)	rot=(0.0, 0.0, 0.0)	center=(13.817, -0.830, 15.429)	size=(0.552, 0.287, 0.613)
Foliage/PlantE (9)	pos=(13.076, -0.670, 20.285)	rot=(0.0, 0.0, 0.0)	center=(13.098, -0.555, 20.281)	size=(0.552, 0.287, 0.613)
Foliage/PlantC	pos=(14.244, -1.540, 4.941)	rot=(0.0, 0.0, 0.0)	center=(14.237, -1.394, 4.907)	size=(0.874, 0.349, 0.765)
Foliage/PlantC (2)	pos=(14.821, -1.415, 14.637)	rot=(0.0, 0.0, 0.0)	center=(14.814, -1.269, 14.603)	size=(0.874, 0.349, 0.765)
Foliage/PlantC (4)	pos=(14.102, -1.140, 19.490)	rot=(0.0, 0.0, 0.0)	center=(14.094, -0.995, 19.455)	size=(0.874, 0.349, 0.765)
Foliage/PlantC (1)	pos=(13.481, -1.149, 8.294)	rot=(0.0, 0.0, 0.0)	center=(13.474, -1.003, 8.259)	size=(0.874, 0.349, 0.765)
Foliage/PlantC (3)	pos=(14.058, -1.024, 17.990)	rot=(0.0, 0.0, 0.0)	center=(14.051, -0.878, 17.955)	size=(0.874, 0.349, 0.765)
Foliage/PlantC (5)	pos=(13.339, -0.749, 22.842)	rot=(0.0, 0.0, 0.0)	center=(13.332, -0.604, 22.807)	size=(0.874, 0.349, 0.765)
Foliage/PlantB	pos=(14.670, -1.655, 7.081)	rot=(0.0, 0.0, 0.0)	center=(14.637, -1.471, 7.056)	size=(0.990, 0.428, 0.895)
Foliage/PlantB (2)	pos=(15.247, -1.530, 16.777)	rot=(0.0, 0.0, 0.0)	center=(15.214, -1.346, 16.752)	size=(0.990, 0.428, 0.895)
Foliage/PlantB (4)	pos=(14.528, -1.255, 21.629)	rot=(0.0, 0.0, 0.0)	center=(14.495, -1.072, 21.604)	size=(0.990, 0.428, 0.895)
Foliage/PlantB (1)	pos=(13.908, -1.264, 10.434)	rot=(0.0, 0.0, 0.0)	center=(13.875, -1.080, 10.408)	size=(0.990, 0.428, 0.895)
Foliage/PlantB (3)	pos=(14.485, -1.139, 20.130)	rot=(0.0, 0.0, 0.0)	center=(14.452, -0.955, 20.104)	size=(0.990, 0.428, 0.895)
Foliage/PlantB (5)	pos=(13.766, -0.864, 24.982)	rot=(0.0, 0.0, 0.0)	center=(13.733, -0.681, 24.956)	size=(0.990, 0.428, 0.895)
Foliage/PlantE (1)	pos=(13.463, -1.263, 3.266)	rot=(0.0, 0.0, 0.0)	center=(13.485, -1.149, 3.261)	size=(0.552, 0.287, 0.613)
Foliage/PlantE (6)	pos=(14.040, -1.138, 12.962)	rot=(0.0, 0.0, 0.0)	center=(14.062, -1.024, 12.957)	size=(0.552, 0.287, 0.613)
Foliage/PlantE (10)	pos=(13.321, -0.864, 17.814)	rot=(0.0, 0.0, 0.0)	center=(13.342, -0.749, 17.809)	size=(0.552, 0.287, 0.613)
Foliage/PlantE (3)	pos=(12.700, -1.013, 6.618)	rot=(0.0, 0.0, 0.0)	center=(12.722, -0.899, 6.614)	size=(0.552, 0.287, 0.613)
Foliage/PlantE (7)	pos=(13.277, -0.888, 16.314)	rot=(0.0, 0.0, 0.0)	center=(13.299, -0.774, 16.310)	size=(0.552, 0.287, 0.613)
Foliage/PlantE (11)	pos=(12.558, -0.614, 21.167)	rot=(0.0, 0.0, 0.0)	center=(12.580, -0.499, 21.162)	size=(0.552, 0.287, 0.613)
Foliage/PlantD	pos=(14.452, -1.678, 2.881)	rot=(0.0, 0.0, 0.0)	center=(14.456, -1.585, 2.825)	size=(0.573, 0.213, 0.593)
Foliage/PlantD (2)	pos=(15.029, -1.553, 12.577)	rot=(0.0, 0.0, 0.0)	center=(15.033, -1.460, 12.521)	size=(0.573, 0.213, 0.593)
Foliage/PlantD (4)	pos=(14.310, -1.278, 17.429)	rot=(0.0, 0.0, 0.0)	center=(14.314, -1.185, 17.374)	size=(0.573, 0.213, 0.593)
Foliage/PlantD (1)	pos=(13.689, -1.287, 6.233)	rot=(0.0, 0.0, 0.0)	center=(13.694, -1.194, 6.178)	size=(0.573, 0.213, 0.593)
Foliage/PlantD (3)	pos=(14.266, -1.162, 15.929)	rot=(0.0, 0.0, 0.0)	center=(14.271, -1.069, 15.874)	size=(0.573, 0.213, 0.593)
Foliage/PlantD (5)	pos=(13.547, -0.887, 20.782)	rot=(0.0, 0.0, 0.0)	center=(13.552, -0.794, 20.726)	size=(0.573, 0.213, 0.593)
CarpetA	pos=(9.683, 1.000, 19.757)	rot=(0.0, 0.0, 0.0)	center=(9.683, 1.005, 19.757)	size=(4.000, 0.010, 4.000)
CarpetA (1)	pos=(9.850, 3.800, 8.430)	rot=(0.0, 0.0, 0.0)	center=(9.850, 3.805, 8.430)	size=(4.000, 0.010, 4.000)
CarpetB	pos=(3.975, 3.800, 7.477)	rot=(0.0, 0.0, 0.0)	center=(3.975, 3.800, 7.477)	size=(2.000, 0.020, 2.000)
Orange	pos=(11.388, 1.717, 11.463)	rot=(35.9, 243.4, 343.6)	center=(11.390, 1.716, 11.461)	size=(0.160, 0.156, 0.127)
Orange/mv_Orange_LOD0	pos=(11.388, 1.717, 11.463)	rot=(35.9, 243.4, 343.6)	center=(11.390, 1.716, 11.462)	size=(0.159, 0.155, 0.126)
Orange/mv_Orange_LOD1	pos=(11.388, 1.717, 11.463)	rot=(35.9, 243.4, 343.6)	center=(11.390, 1.716, 11.462)	size=(0.159, 0.155, 0.126)
Orange/mv_Orange_LOD2	pos=(11.388, 1.717, 11.463)	rot=(35.9, 243.4, 343.6)	center=(11.390, 1.716, 11.462)	size=(0.158, 0.153, 0.125)
Orange/mv_Orange_LOD3	pos=(11.388, 1.717, 11.463)	rot=(35.9, 243.4, 343.6)	center=(11.390, 1.716, 11.461)	size=(0.159, 0.155, 0.127)
Peach	pos=(11.362, 1.699, 11.663)	rot=(0.0, 0.0, 334.8)	center=(11.377, 1.727, 11.662)	size=(0.088, 0.086, 0.068)
Peach/mv_Peach_LOD0	pos=(11.362, 1.699, 11.663)	rot=(0.0, 0.0, 334.8)	center=(11.377, 1.727, 11.662)	size=(0.087, 0.085, 0.067)
Peach/mv_Peach_LOD1	pos=(11.362, 1.699, 11.663)	rot=(0.0, 0.0, 334.8)	center=(11.377, 1.727, 11.662)	size=(0.087, 0.086, 0.067)
Peach/mv_Peach_LOD2	pos=(11.362, 1.699, 11.663)	rot=(0.0, 0.0, 334.8)	center=(11.377, 1.727, 11.661)	size=(0.088, 0.086, 0.068)
Peach/mv_Peach_LOD3	pos=(11.362, 1.699, 11.663)	rot=(0.0, 0.0, 334.8)	center=(11.377, 1.727, 11.662)	size=(0.088, 0.086, 0.068)
Apple	pos=(11.290, 1.688, 11.588)	rot=(0.0, 0.0, 47.6)	center=(11.288, 1.690, 11.588)	size=(0.097, 0.097, 0.066)
Apple/mv_Apple_LOD0	pos=(11.290, 1.688, 11.588)	rot=(0.0, 0.0, 47.6)	center=(11.287, 1.691, 11.588)	size=(0.095, 0.095, 0.065)
Apple/mv_Apple_LOD1	pos=(11.290, 1.688, 11.588)	rot=(0.0, 0.0, 47.6)	center=(11.289, 1.689, 11.588)	size=(0.091, 0.091, 0.065)
Apple/mv_Apple_LOD2	pos=(11.290, 1.688, 11.588)	rot=(0.0, 0.0, 47.6)	center=(11.289, 1.689, 11.588)	size=(0.092, 0.092, 0.066)
Apple/mv_Apple_LOD3	pos=(11.290, 1.688, 11.588)	rot=(0.0, 0.0, 47.6)	center=(11.289, 1.688, 11.588)	size=(0.094, 0.094, 0.066)
VaseB	pos=(-1.767, 0.000, 23.636)	rot=(0.0, 0.0, 0.0)	center=(-1.800, 0.966, 23.684)	size=(1.308, 1.942, 1.208)
VaseB/VaseB_LOD0	pos=(-1.767, 0.000, 23.636)	rot=(0.0, 0.0, 0.0)	center=(-1.800, 0.966, 23.684)	size=(1.308, 1.942, 1.208)
VaseB/VaseB_LOD1	pos=(-1.767, 0.000, 23.636)	rot=(0.0, 0.0, 0.0)	center=(-1.804, 0.964, 23.681)	size=(1.285, 1.936, 1.201)
APV - terrace and pool	pos=(2.000, 3.000, 12.000)	rot=(0.0, 0.0, 0.0)	center=(2.000, 3.000, 12.000)	size=(0.000, 0.000, 0.000)
APV - villa interior	pos=(6.300, 3.500, 13.000)	rot=(0.0, 0.0, 0.0)	center=(6.300, 3.500, 13.000)	size=(0.000, 0.000, 0.000)
ProbeVolumePerSceneData	pos=(0.000, 0.000, 0.000)	rot=(0.0, 0.0, 0.0)	center=(0.000, 0.000, 0.000)	size=(0.000, 0.000, 0.000)
Beach Villa - Walkthrough	pos=(-4.500, 0.050, -6.500)	rot=(0.0, 30.0, 0.0)	center=(-4.500, 0.050, -6.500)	size=(0.000, 0.000, 0.000)
Beach Villa - Walkthrough/Main Camera	pos=(-4.500, 1.700, -6.500)	rot=(0.0, 30.0, 0.0)	center=(-4.500, 1.700, -6.500)	size=(0.000, 0.000, 0.000)
