Terrain pos=(-57.28, -5.70, -44.00); size=(200.00, 600.00, 200.00); asset=Assets/Modern Villa/New Terrain 3.asset; layers=Terrrain_SandLayer
-45,-25	ground=-2.001
-40,-25	ground=-2.001
-35,-25	ground=-2.001
-30,-25	ground=-1.989
-25,-25	ground=-1.270
-20,-25	ground=-0.792
-15,-25	ground=-0.792
-10,-25	ground=-0.883
-5,-25	ground=-0.902
0,-25	ground=-0.902
5,-25	ground=-0.902
10,-25	ground=-0.902
15,-25	ground=-1.905
20,-25	ground=-5.700
25,-25	ground=-5.700
30,-25	ground=-5.700
35,-25	ground=-5.700
40,-25	ground=-5.700
45,-25	ground=-5.700
-45,-20	ground=-2.001
-40,-20	ground=-2.001
-35,-20	ground=-1.974
-30,-20	ground=-0.876
-25,-20	ground=-0.792
-20,-20	ground=-0.902
-15,-20	ground=-0.902
-10,-20	ground=-0.902
-5,-20	ground=-0.902
0,-20	ground=-0.902
5,-20	ground=-0.902
10,-20	ground=-0.902
15,-20	ground=-1.317
20,-20	ground=-5.700
25,-20	ground=-5.700
30,-20	ground=-5.700
35,-20	ground=-5.700
40,-20	ground=-5.700
45,-20	ground=-5.700
-45,-15	ground=-2.001
-40,-15	ground=-2.001
-35,-15	ground=-1.354
-30,-15	ground=-0.792
-25,-15	ground=-0.902
-20,-15	ground=-0.902
-15,-15	ground=-0.902
-10,-15	ground=-0.902
-5,-15	ground=-0.902
0,-15	ground=-0.902
5,-15	ground=-0.902
10,-15	ground=-0.902
15,-15	ground=-2.198
20,-15	ground=-5.700
25,-15	ground=-5.700
30,-15	ground=-5.700
35,-15	ground=-5.700
40,-15	ground=-5.700
45,-15	ground=-5.700
-45,-10	ground=-2.001
-40,-10	ground=-1.913
-35,-10	ground=-0.792
-30,-10	ground=-0.902
-25,-10	ground=-0.902
-20,-10	ground=-0.902
-15,-10	ground=-0.902
-10,-10	ground=-0.902
-5,-10	ground=-0.902
0,-10	ground=-0.902
5,-10	ground=-0.902
10,-10	ground=-0.902
15,-10	ground=-3.006
20,-10	ground=-5.700
25,-10	ground=-5.700
30,-10	ground=-5.700
35,-10	ground=-5.700
40,-10	ground=-5.700
45,-10	ground=-5.700
-45,-5	ground=-2.001
-40,-5	ground=-1.644
-35,-5	ground=-0.902
-30,-5	ground=-0.902
-25,-5	ground=-0.902
-20,-5	ground=-0.902
-15,-5	ground=-0.902
-10,-5	ground=-0.902
-5,-5	ground=-0.902
0,-5	ground=-0.902
5,-5	ground=-0.902
10,-5	ground=-0.902
15,-5	ground=-3.106
20,-5	ground=-5.700
25,-5	ground=-5.700
30,-5	ground=-5.700
35,-5	ground=-5.700
40,-5	ground=-5.700
45,-5	ground=-5.700
-45,0	ground=-2.001
-40,0	ground=-1.373
-35,0	ground=-0.902
-30,0	ground=-0.902
-25,0	ground=-0.902
-20,0	ground=-0.902
-15,0	ground=-0.902
-10,0	ground=-0.902
-5,0	ground=-0.902
0,0	ground=-0.902
5,0	ground=-0.902
10,0	ground=-0.902
15,0	ground=-2.184
20,0	ground=-5.414
25,0	ground=-5.700
30,0	ground=-5.700
35,0	ground=-5.700
40,0	ground=-5.700
45,0	ground=-5.700
-45,5	ground=-2.001
-40,5	ground=-0.902
-35,5	ground=-0.902
-30,5	ground=-0.902
-25,5	ground=-0.902
-20,5	ground=-0.902
-15,5	ground=-0.902
-10,5	ground=-0.902
-5,5	ground=-0.902
0,5	ground=-0.902
5,5	ground=-0.902
10,5	ground=-0.902
15,5	ground=-1.946
20,5	ground=-5.194
25,5	ground=-5.700
30,5	ground=-5.700
35,5	ground=-5.700
40,5	ground=-5.700
45,5	ground=-5.700
-45,10	ground=-2.001
-40,10	ground=-0.902
-35,10	ground=-0.902
-30,10	ground=-0.902
-25,10	ground=-0.902
-20,10	ground=-0.902
-15,10	ground=-0.902
-10,10	ground=-0.902
-5,10	ground=-0.902
0,10	ground=-0.902
5,10	ground=-0.902
10,10	ground=-0.902
15,10	ground=-1.681
20,10	ground=-5.227
25,10	ground=-5.700
30,10	ground=-5.700
35,10	ground=-5.700
40,10	ground=-5.700
45,10	ground=-5.700
-45,15	ground=-2.001
-40,15	ground=-0.902
-35,15	ground=-0.902
-30,15	ground=-0.902
-25,15	ground=-0.902
-20,15	ground=-0.902
-15,15	ground=-0.902
-10,15	ground=-0.902
-5,15	ground=-0.902
0,15	ground=-0.902
5,15	ground=-0.902
10,15	ground=-0.902
15,15	ground=-1.406
20,15	ground=-5.648
25,15	ground=-5.700
30,15	ground=-5.700
35,15	ground=-5.700
40,15	ground=-5.700
45,15	ground=-5.700
-45,20	ground=-2.001
-40,20	ground=-0.902
-35,20	ground=-0.902
-30,20	ground=-0.902
-25,20	ground=-0.902
-20,20	ground=-0.902
-15,20	ground=-0.902
-10,20	ground=-0.902
-5,20	ground=-0.902
0,20	ground=-0.902
5,20	ground=-0.902
10,20	ground=-0.902
15,20	ground=-1.476
20,20	ground=-5.664
25,20	ground=-5.700
30,20	ground=-5.700
35,20	ground=-5.700
40,20	ground=-5.700
45,20	ground=-5.700
-45,25	ground=-2.001
-40,25	ground=-0.902
-35,25	ground=-0.902
-30,25	ground=-0.902
-25,25	ground=-0.902
-20,25	ground=-0.902
-15,25	ground=-0.902
-10,25	ground=-0.902
-5,25	ground=-0.902
0,25	ground=-0.902
5,25	ground=-0.902
10,25	ground=-0.902
15,25	ground=-1.307
20,25	ground=-5.302
25,25	ground=-5.700
30,25	ground=-5.700
35,25	ground=-5.700
40,25	ground=-5.700
45,25	ground=-5.700
-45,30	ground=-2.001
-40,30	ground=-0.902
-35,30	ground=-0.902
-30,30	ground=-0.902
-25,30	ground=-0.902
-20,30	ground=-0.902
-15,30	ground=-0.902
-10,30	ground=-0.902
-5,30	ground=-0.902
0,30	ground=-0.902
5,30	ground=-0.902
10,30	ground=-0.902
15,30	ground=-1.144
20,30	ground=-3.998
25,30	ground=-5.700
30,30	ground=-5.700
35,30	ground=-5.700
40,30	ground=-5.700
45,30	ground=-5.700
-45,35	ground=-2.001
-40,35	ground=-0.944
-35,35	ground=-0.902
-30,35	ground=-0.902
-25,35	ground=-0.902
-20,35	ground=-0.902
-15,35	ground=-0.902
-10,35	ground=-0.902
-5,35	ground=-0.902
0,35	ground=-0.902
5,35	ground=-0.902
10,35	ground=-0.902
15,35	ground=-1.013
20,35	ground=-3.054
25,35	ground=-5.700
30,35	ground=-5.700
35,35	ground=-5.700
40,35	ground=-5.700
45,35	ground=-5.700
-45,40	ground=-1.992
-40,40	ground=-0.902
-35,40	ground=-0.902
-30,40	ground=-0.902
-25,40	ground=-0.902
-20,40	ground=-0.902
-15,40	ground=-0.902
-10,40	ground=-0.902
-5,40	ground=-0.902
0,40	ground=-0.902
5,40	ground=-0.902
10,40	ground=-0.902
15,40	ground=-0.921
20,40	ground=-2.352
25,40	ground=-5.700
30,40	ground=-5.700
35,40	ground=-5.700
40,40	ground=-5.700
45,40	ground=-5.700
-45,45	ground=-1.951
-40,45	ground=-0.902
-35,45	ground=-0.902
-30,45	ground=-0.902
-25,45	ground=-0.902
-20,45	ground=-0.902
-15,45	ground=-0.902
-10,45	ground=-0.887
-5,45	ground=-0.728
0,45	ground=-0.570
5,45	ground=-0.563
10,45	ground=-0.714
15,45	ground=-0.869
20,45	ground=-1.736
25,45	ground=-5.674
30,45	ground=-5.700
35,45	ground=-5.700
40,45	ground=-5.700
45,45	ground=-5.700
-45,50	ground=-1.977
-40,50	ground=-0.910
-35,50	ground=-0.902
-30,50	ground=-0.902
-25,50	ground=-0.902
-20,50	ground=-0.883
-15,50	ground=-0.650
-10,50	ground=-0.037
-5,50	ground=0.663
0,50	ground=1.166
5,50	ground=0.904
10,50	ground=0.366
15,50	ground=-0.261
20,50	ground=-1.711
25,50	ground=-5.640
30,50	ground=-5.700
35,50	ground=-5.700
40,50	ground=-5.700
45,50	ground=-5.700
-45,55	ground=-2.001
-40,55	ground=-1.252
-35,55	ground=-0.902
-30,55	ground=-0.902
-25,55	ground=-0.894
-20,55	ground=-0.350
-15,55	ground=0.181
-10,55	ground=1.970
-5,55	ground=3.507
0,55	ground=4.150
5,55	ground=3.234
10,55	ground=2.245
15,55	ground=0.981
20,55	ground=-2.322
25,55	ground=-5.700
30,55	ground=-5.700
35,55	ground=-5.700
40,55	ground=-5.650
45,55	ground=-5.700
