Tree	root	soil	error
PalmA	(-37.000, 0.000, -15.000)	0.025	-0.025
PalmB	(-35.700, 0.000, -12.500)	0.025	-0.025
PalmC	(-37.000, 0.000, 8.000)	0.025	-0.025
PalmB	(-36.200, 0.000, 11.000)	0.025	-0.025
PalmA	(-37.000, 0.000, 39.000)	0.025	-0.025
PalmB	(-35.800, 0.000, 42.000)	0.025	-0.025
PalmC	(37.000, 0.000, -15.000)	0.025	-0.025
PalmB	(35.800, 0.000, -12.500)	0.025	-0.025
PalmA	(38.000, 0.000, 4.000)	0.025	-0.025
PalmB	(37.800, 0.000, 7.000)	0.025	-0.025
PalmC	(38.000, 0.000, 39.000)	0.025	-0.025
PalmB	(37.000, 0.000, 42.000)	0.025	-0.025
PalmA	(-19.000, 0.000, 47.000)	0.025	-0.025
PalmB	(-16.500, 0.000, 47.500)	0.025	-0.025
PalmC	(20.000, 0.000, 47.000)	0.025	-0.025
PalmB	(22.500, 0.000, 47.500)	0.025	-0.025
PalmA	(-51.234, 1.455, -2.527)	1.480	-0.025
PalmC	(-51.569, 1.515, 4.396)	1.540	-0.025
PalmA	(-46.917, 0.449, -0.792)	0.474	-0.025
PalmC	(-47.736, 0.615, 2.978)	0.640	-0.025
PalmA	(-48.912, 0.869, 33.111)	0.894	-0.025
PalmC	(-44.268, -0.007, 40.705)	0.018	-0.025
PalmA	(-53.812, 2.106, 34.936)	2.131	-0.025
PalmC	(-54.596, 2.278, 35.082)	2.303	-0.025
PalmA	(-33.414, 1.080, 57.138)	1.105	-0.025
PalmC	(-27.165, 2.058, 60.643)	2.083	-0.025
PalmA	(-27.161, 3.131, 65.195)	3.156	-0.025
PalmC	(-31.010, 1.812, 59.678)	1.837	-0.025
PalmA	(11.979, 1.589, 60.104)	1.614	-0.025
PalmC	(7.015, 2.830, 68.152)	2.855	-0.025
PalmA	(10.453, 2.853, 67.860)	2.878	-0.025
PalmC	(5.157, 1.416, 59.464)	1.441	-0.025
PalmA	(34.744, 1.853, 59.837)	1.878	-0.025
PalmC	(44.091, 2.358, 63.124)	2.383	-0.025
PalmA	(37.463, 2.446, 62.463)	2.471	-0.025
PalmC	(39.390, 2.876, 65.807)	2.901	-0.025
PalmA	(49.142, 0.975, 24.262)	1.000	-0.025
PalmC	(49.315, 1.046, 15.608)	1.071	-0.025
PalmA	(48.624, 0.873, 20.527)	0.898	-0.025
PalmC	(50.193, 1.265, 23.581)	1.290	-0.025
