surface	point	reason	actual surface	distance
Main Building/Ground Level/Objects/mv_roof_lamp	(-5.924, 2.441, 3.067)	NO_MATCH	none	999.000
Main Building/Ground Level/Objects/mv_roof_lamp	(-5.932, 2.441, 3.321)	NO_MATCH	none	999.000
Main Building/Ground Level/Objects/mv_roof_lamp	(-5.799, 2.441, 3.398)	NO_MATCH	none	999.000
Main Building/Ground Level/Objects/mv_roof_lamp	(-5.684, 2.441, 3.379)	NO_MATCH	none	999.000
Main Building/Ground Level/Objects/mv_roof_lamp	(-5.599, 2.441, 3.299)	NO_MATCH	none	999.000
Main Building/Ground Level/Objects/mv_roof_lamp	(-5.574, 2.441, 3.173)	NO_MATCH	none	999.000
Main Building/Ground Level/Objects/mv_roof_lamp	(-5.641, 2.441, 3.048)	NO_MATCH	none	999.000
SUMMARY Main Building/Ground Level/Objects/mv_roof_lamp	7/39 missing
annex building/Level 1/Objects/mv_roof_lamp	(6.051, 4.925, 11.724)	NO_MATCH	none	999.000
annex building/Level 1/Objects/mv_roof_lamp	(6.063, 4.925, 11.814)	NO_MATCH	none	999.000
annex building/Level 1/Objects/mv_roof_lamp	(6.070, 4.925, 11.839)	NO_MATCH	none	999.000
annex building/Level 1/Objects/mv_roof_lamp	(6.186, 4.925, 11.940)	NO_MATCH	none	999.000
annex building/Level 1/Objects/mv_roof_lamp	(6.302, 4.925, 11.943)	NO_MATCH	none	999.000
annex building/Level 1/Objects/mv_roof_lamp	(6.314, 4.925, 11.937)	NO_MATCH	none	999.000
annex building/Level 1/Objects/mv_roof_lamp	(6.424, 4.925, 11.850)	NO_MATCH	none	999.000
annex building/Level 1/Objects/mv_roof_lamp	(6.440, 4.925, 11.814)	NO_MATCH	none	999.000
annex building/Level 1/Objects/mv_roof_lamp	(6.443, 4.925, 11.698)	NO_MATCH	none	999.000
annex building/Level 1/Objects/mv_roof_lamp	(6.409, 4.925, 11.628)	NO_MATCH	none	999.000
SUMMARY annex building/Level 1/Objects/mv_roof_lamp	10/33 missing
Backyard/Pool back/Pool2/Swimming Pool Steps/Swimming Pool Steps Floor	(-0.171, 0.062, 27.784)	NO_MATCH	none	999.000
Backyard/Pool back/Pool2/Swimming Pool Steps/Swimming Pool Steps Floor	(-0.834, -0.039, 27.572)	NO_MATCH	none	999.000
Backyard/Pool back/Pool2/Swimming Pool Steps/Swimming Pool Steps Floor	(-0.549, -0.030, 25.330)	NO_MATCH	none	999.000
Backyard/Pool back/Pool2/Swimming Pool Steps/Swimming Pool Steps Floor	(-0.399, -0.038, 25.075)	NO_MATCH	none	999.000
Backyard/Pool back/Pool2/Swimming Pool Steps/Swimming Pool Steps Floor	(-0.308, -0.038, 25.155)	NO_MATCH	none	999.000
Backyard/Pool back/Pool2/Swimming Pool Steps/Swimming Pool Steps Floor	(-0.504, -0.038, 25.215)	NO_MATCH	none	999.000
Backyard/Pool back/Pool2/Swimming Pool Steps/Swimming Pool Steps Floor	(-0.172, 0.062, 25.215)	NO_MATCH	none	999.000
Backyard/Pool back/Pool2/Swimming Pool Steps/Swimming Pool Steps Floor	(-0.074, 0.263, 25.029)	NO_MATCH	none	999.000
Backyard/Pool back/Pool2/Swimming Pool Steps/Swimming Pool Steps Floor	(0.054, 0.066, 27.490)	NO_MATCH	none	999.000
Backyard/Pool back/Pool2/Swimming Pool Steps/Swimming Pool Steps Floor	(-1.449, 0.270, 28.465)	NO_MATCH	none	999.000
Backyard/Pool back/Pool2/Swimming Pool Steps/Swimming Pool Steps Floor	(-1.304, 0.270, 28.419)	NO_MATCH	none	999.000
Backyard/Pool back/Pool2/Swimming Pool Steps/Swimming Pool Steps Floor	(-1.101, 0.270, 28.477)	NO_MATCH	none	999.000
Backyard/Pool back/Pool2/Swimming Pool Steps/Swimming Pool Steps Floor	(-1.186, 0.270, 28.410)	NO_MATCH	none	999.000
Backyard/Pool back/Pool2/Swimming Pool Steps/Swimming Pool Steps Floor	(-0.069, 0.062, 27.002)	NO_MATCH	none	999.000
Backyard/Pool back/Pool2/Swimming Pool Steps/Swimming Pool Steps Floor	(0.083, 0.062, 27.146)	NO_MATCH	none	999.000
Backyard/Pool back/Pool2/Swimming Pool Steps/Swimming Pool Steps Floor	(-0.101, 0.062, 27.090)	NO_MATCH	none	999.000
Backyard/Pool back/Pool2/Swimming Pool Steps/Swimming Pool Steps Floor	(0.002, 0.062, 26.992)	NO_MATCH	none	999.000
Backyard/Pool back/Pool2/Swimming Pool Steps/Swimming Pool Steps Floor	(0.185, 0.062, 27.048)	NO_MATCH	none	999.000
Backyard/Pool back/Pool2/Swimming Pool Steps/Swimming Pool Steps Floor	(0.020, 0.062, 26.933)	NO_MATCH	none	999.000
Backyard/Pool back/Pool2/Swimming Pool Steps/Swimming Pool Steps Floor	(0.225, 0.062, 26.899)	NO_MATCH	none	999.000
Backyard/Pool back/Pool2/Swimming Pool Steps/Swimming Pool Steps Floor	(-0.011, 0.062, 26.794)	NO_MATCH	none	999.000
Backyard/Pool back/Pool2/Swimming Pool Steps/Swimming Pool Steps Floor	(0.172, 0.062, 26.850)	NO_MATCH	none	999.000
Backyard/Pool back/Pool2/Swimming Pool Steps/Swimming Pool Steps Floor	(0.062, 0.062, 26.751)	NO_MATCH	none	999.000
Backyard/Pool back/Pool2/Swimming Pool Steps/Swimming Pool Steps Floor	(0.259, 0.062, 26.715)	NO_MATCH	none	999.000
Backyard/Pool back/Pool2/Swimming Pool Steps/Swimming Pool Steps Floor	(0.020, 0.062, 26.610)	NO_MATCH	none	999.000
Backyard/Pool back/Pool2/Swimming Pool Steps/Swimming Pool Steps Floor	(0.203, 0.062, 26.666)	NO_MATCH	none	999.000
Backyard/Pool back/Pool2/Swimming Pool Steps/Swimming Pool Steps Floor	(0.086, 0.062, 26.569)	NO_MATCH	none	999.000
Backyard/Pool back/Pool2/Swimming Pool Steps/Swimming Pool Steps Floor	(0.274, 0.062, 26.539)	NO_MATCH	none	999.000
Backyard/Pool back/Pool2/Swimming Pool Steps/Swimming Pool Steps Floor	(0.026, 0.062, 26.540)	NO_MATCH	none	999.000
Backyard/Pool back/Pool2/Swimming Pool Steps/Swimming Pool Steps Floor	(0.307, 0.100, 26.928)	NO_MATCH	none	999.000
SUMMARY Backyard/Pool back/Pool2/Swimming Pool Steps/Swimming Pool Steps Floor	534/542 missing
