surfaceA	surfaceB	center	size
Pool Level/Floor/Floor 2x2 (2)	Pool Level/Floor/Floor 2x2 (3)	(10.250, -0.740, 4.750)	(0.500,2.000)
Pool Level/Floor/Floor 2x2 (6)	Pool Level/Floor/Floor 2x2 (7)	(10.250, -0.740, 6.750)	(0.500,2.000)
Pool Level/Floor/Floor 2x2 (22)	Pool Level/Floor/Floor 2x2 (19)	(3.125, -0.740, -2.250)	(0.250,2.000)
Pool Level/Floor/Floor 2x2 (24)	Pool Level/Floor/Floor 2x2 (21)	(11.000, -0.740, -1.750)	(2.000,1.000)
annex building/Floor/Floor 1x1 (13)	annex building/Floor/Floor 1x1 (14)	(8.500, -0.250, 7.750)	(1.000,1.000)
Backyard/Pool back/Pool2/Floor/Floor 2x2 (8)	Backyard/Pool back/Pool2/Floor/Floor 2x2 side	(-12.750, -0.250, 21.500)	(0.500,2.000)
Backyard/Pool back/Pool2/Swimming Pool Steps	Backyard/Pool back/Pool2/Swimming Pool Steps/Swimming Pool Steps Floor	(-0.239, -0.245, 26.500)	(2.052,3.998)
Backyard/Pool back/Pool2/Swimming Pool Steps	Backyard/Floor 2/Floor 1x1 (2)	(0.749, -0.250, 25.750)	(0.498,0.999)
Backyard/Pool back/Pool2/Swimming Pool Steps	Backyard/Floor 2/Floor 1x1 (3)	(0.749, -0.250, 26.250)	(0.498,1.000)
Backyard/Pool back/Pool2/Swimming Pool Steps	Backyard/Floor 2/Floor 1x1 (4)	(0.749, -0.250, 26.750)	(0.498,1.000)
Backyard/Pool back/Pool2/Swimming Pool Steps	Backyard/Floor 2/Floor 1x1 (5)	(0.749, -0.250, 27.250)	(0.498,0.999)
Backyard/Floor 2/Floor 2x2	Backyard/Floor 2/Floor 2x2 (4)	(2.000, -0.250, 12.625)	(2.000,0.250)
Backyard/Floor 2/Floor 2x2 (1)	Backyard/Floor 2/Floor 2x2 (5)	(0.000, -0.250, 12.625)	(2.000,0.250)
Backyard/Floor 2/Floor 2x2 (2)	Backyard/Floor 2/Floor 2x2 (6)	(-2.000, -0.250, 12.625)	(2.000,0.250)
Backyard/Floor 2/Floor 2x2 (3)	Backyard/Floor 2/Floor 2x2 (7)	(-4.000, -0.250, 12.625)	(2.000,0.250)
Backyard/Floor 2/Floor 2x2 (20)	Backyard/Floor 2/Floor 2x2 (46)	(2.500, -0.250, 22.375)	(1.000,0.250)
Backyard/Floor 2/Floor 2x2 (21)	Backyard/Floor 2/Floor 2x2 (22)	(-6.000, -0.250, 12.625)	(2.000,0.250)
Backyard/Floor 2/Floor 2x2 (26)	Backyard/Floor 2/Floor 2x2 (27)	(-8.000, -0.250, 12.625)	(2.000,0.250)
Backyard/Floor 2/Floor 2x2 (31)	Backyard/Floor 2/Floor 2x2 (32)	(-10.000, -0.250, 12.625)	(2.000,0.250)
Backyard/Floor 2/Floor 2x2 (36)	Backyard/Floor 2/Floor 2x2 (37)	(-12.000, -0.250, 12.625)	(2.000,0.250)
Backyard/Floor 2/Floor 2x2 (41)	Backyard/Floor 2/Floor 2x2 (42)	(-14.000, -0.250, 12.625)	(2.000,0.250)
Backyard/Floor 2/Floor 2x2 (49)	Backyard/Floor 2/Floor 2x2 (50)	(3.000, -0.250, 30.000)	(2.000,0.500)
Backyard/Floor 2/Floor 2x2 (54)	Backyard/Floor 2/Floor 2x2 (55)	(5.000, -0.250, 30.000)	(2.000,0.500)
Backyard/Floor 2/Floor 2x2 (59)	Backyard/Floor 2/Floor 2x2 (60)	(7.000, -0.250, 30.000)	(2.000,0.500)
Backyard/Floor 2/Floor 2x2 (64)	Backyard/Floor 2/Floor 2x2 (65)	(9.000, -0.250, 30.000)	(2.000,0.500)
Backyard/Floor 2/Floor 2x2 (69)	Backyard/Floor 2/Floor 2x2 (70)	(11.000, -0.250, 30.000)	(2.000,0.500)
