path	active	mesh	position	rotation	scale	bounds center	bounds size	colliders
Floor/Floor 2x2 (5)	True	Floor 2x2	(0.000, -0.250, -0.250)	(0.00, 0.00, 0.00)	(1.000, 1.000, 1.000)	(0.000, 0.250, -0.250)	(2.000, 1.000, 2.000)	BoxCollider enabled=True trigger=False
Floor/Floor 2x2 (6)	True	Floor 2x2	(-2.000, -0.250, -0.250)	(0.00, 0.00, 0.00)	(1.000, 1.000, 1.000)	(-2.000, 0.250, -0.250)	(2.000, 1.000, 2.000)	BoxCollider enabled=True trigger=False
Floor/Floor 2x2 (7)	True	Floor 2x2	(-4.000, -0.250, -0.250)	(0.00, 0.00, 0.00)	(1.000, 1.000, 1.000)	(-4.000, 0.250, -0.250)	(2.000, 1.000, 2.000)	BoxCollider enabled=True trigger=False
Floor/Floor 2x2 (9)	True	Floor 2x2	(0.000, -0.250, 1.750)	(0.00, 0.00, 0.00)	(1.000, 1.000, 1.000)	(0.000, 0.250, 1.750)	(2.000, 1.000, 2.000)	BoxCollider enabled=True trigger=False
Floor/Floor 2x2 (10)	True	Floor 2x2	(-2.000, -0.250, 1.750)	(0.00, 0.00, 0.00)	(1.000, 1.000, 1.000)	(-2.000, 0.250, 1.750)	(2.000, 1.000, 2.000)	BoxCollider enabled=True trigger=False
Floor/Floor 2x2 (11)	True	Floor 2x2	(-4.000, -0.250, 1.750)	(0.00, 0.00, 0.00)	(1.000, 1.000, 1.000)	(-4.000, 0.250, 1.750)	(2.000, 1.000, 2.000)	BoxCollider enabled=True trigger=False
Floor/Floor 2x2 (13)	True	Floor 2x2	(0.000, -0.250, 3.750)	(0.00, 0.00, 0.00)	(1.000, 1.000, 1.000)	(0.000, 0.250, 3.750)	(2.000, 1.000, 2.000)	BoxCollider enabled=True trigger=False
Floor/Floor 2x2 (14)	True	Floor 2x2	(-2.000, -0.250, 3.750)	(0.00, 0.00, 0.00)	(1.000, 1.000, 1.000)	(-2.000, 0.250, 3.750)	(2.000, 1.000, 2.000)	BoxCollider enabled=True trigger=False
Floor/Floor 2x2 (15)	True	Floor 2x2	(-4.000, -0.250, 3.750)	(0.00, 0.00, 0.00)	(1.000, 1.000, 1.000)	(-4.000, 0.250, 3.750)	(2.000, 1.000, 2.000)	BoxCollider enabled=True trigger=False
Floor/Floor 2x2 (17)	True	Floor 2x2	(0.000, -0.250, 5.750)	(0.00, 0.00, 0.00)	(1.000, 1.000, 1.000)	(0.000, 0.250, 5.750)	(2.000, 1.000, 2.000)	BoxCollider enabled=True trigger=False
Floor/Floor 2x2 (18)	True	Floor 2x2	(-2.000, -0.250, 5.750)	(0.00, 0.00, 0.00)	(1.000, 1.000, 1.000)	(-2.000, 0.250, 5.750)	(2.000, 1.000, 2.000)	BoxCollider enabled=True trigger=False
Floor/Floor 2x2 (19)	True	Floor 2x2	(-4.000, -0.250, 5.750)	(0.00, 0.00, 0.00)	(1.000, 1.000, 1.000)	(-4.000, 0.250, 5.750)	(2.000, 1.000, 2.000)	BoxCollider enabled=True trigger=False
Floor/Floor 2x2 (21)	True	Floor 2x2	(0.000, -0.250, 7.750)	(0.00, 0.00, 0.00)	(1.000, 1.000, 1.000)	(0.000, 0.250, 7.750)	(2.000, 1.000, 2.000)	BoxCollider enabled=True trigger=False
Floor/Floor 2x2 (22)	True	Floor 2x2	(-2.000, -0.250, 7.750)	(0.00, 0.00, 0.00)	(1.000, 1.000, 1.000)	(-2.000, 0.250, 7.750)	(2.000, 1.000, 2.000)	BoxCollider enabled=True trigger=False
Floor/Floor 2x2 (23)	True	Floor 2x2	(-4.000, -0.250, 7.750)	(0.00, 0.00, 0.00)	(1.000, 1.000, 1.000)	(-4.000, 0.250, 7.750)	(2.000, 1.000, 2.000)	BoxCollider enabled=True trigger=False
Floor/Floor 2x2 corner	True	Floor 2x2 corner	(2.000, -0.250, -2.250)	(0.00, 180.00, 0.00)	(1.000, 1.000, 1.000)	(2.000, 0.250, -2.250)	(2.000, 1.000, 2.000)	BoxCollider enabled=True trigger=False
Floor/Floor 2x2 side	True	Floor 2x2 side	(2.000, -0.250, -0.250)	(0.00, 180.00, 0.00)	(1.000, 1.000, 1.000)	(2.000, 0.250, -0.250)	(2.000, 1.000, 2.000)	BoxCollider enabled=True trigger=False
Floor/Floor 2x2 side (1)	True	Floor 2x2 side	(2.000, -0.250, 1.750)	(0.00, 180.00, 0.00)	(1.000, 1.000, 1.000)	(2.000, 0.250, 1.750)	(2.000, 1.000, 2.000)	BoxCollider enabled=True trigger=False
Floor/Floor 2x2 side (2)	True	Floor 2x2 side	(2.000, -0.250, 3.750)	(0.00, 180.00, 0.00)	(1.000, 1.000, 1.000)	(2.000, 0.250, 3.750)	(2.000, 1.000, 2.000)	BoxCollider enabled=True trigger=False
Floor/Floor 2x2 side (3)	True	Floor 2x2 side	(2.000, -0.250, 5.750)	(0.00, 180.00, 0.00)	(1.000, 1.000, 1.000)	(2.000, 0.250, 5.750)	(2.000, 1.000, 2.000)	BoxCollider enabled=True trigger=False
Floor/Floor 2x2 side (4)	True	Floor 2x2 side	(2.000, -0.250, 7.750)	(0.00, 180.00, 0.00)	(1.000, 1.000, 1.000)	(2.000, 0.250, 7.750)	(2.000, 1.000, 2.000)	BoxCollider enabled=True trigger=False
Floor/Floor 2x2 side (5)	True	Floor 2x2 side	(2.000, -0.250, 9.750)	(0.00, 180.00, 0.00)	(1.000, 1.000, 1.000)	(2.000, 0.250, 9.750)	(2.000, 1.000, 2.000)	BoxCollider enabled=True trigger=False
Floor/Floor 2x2 side (8)	True	Floor 2x2 side	(-4.000, -0.250, -2.250)	(0.00, 270.00, 0.00)	(1.000, 1.000, 1.000)	(-4.000, 0.250, -2.250)	(2.000, 1.000, 2.000)	BoxCollider enabled=True trigger=False
Floor/Floor 2x2 side (9)	True	Floor 2x2 side	(-2.000, -0.250, -2.250)	(0.00, 270.00, 0.00)	(1.000, 1.000, 1.000)	(-2.000, 0.250, -2.250)	(2.000, 1.000, 2.000)	BoxCollider enabled=True trigger=False
Floor/Floor 2x2 (25)	True	Floor 2x2	(-6.000, -0.250, -0.250)	(0.00, 0.00, 0.00)	(1.000, 1.000, 1.000)	(-6.000, 0.250, -0.250)	(2.000, 1.000, 2.000)	BoxCollider enabled=True trigger=False
Floor/Floor 2x2 (26)	True	Floor 2x2	(-6.000, -0.250, 1.750)	(0.00, 0.00, 0.00)	(1.000, 1.000, 1.000)	(-6.000, 0.250, 1.750)	(2.000, 1.000, 2.000)	BoxCollider enabled=True trigger=False
Floor/Floor 2x2 (27)	True	Floor 2x2	(-6.000, -0.250, 3.750)	(0.00, 0.00, 0.00)	(1.000, 1.000, 1.000)	(-6.000, 0.250, 3.750)	(2.000, 1.000, 2.000)	BoxCollider enabled=True trigger=False
Floor/Floor 2x2 (28)	True	Floor 2x2	(-6.000, -0.250, 5.750)	(0.00, 0.00, 0.00)	(1.000, 1.000, 1.000)	(-6.000, 0.250, 5.750)	(2.000, 1.000, 2.000)	BoxCollider enabled=True trigger=False
Floor/Floor 2x2 (29)	True	Floor 2x2	(-6.000, -0.250, 7.750)	(0.00, 0.00, 0.00)	(1.000, 1.000, 1.000)	(-6.000, 0.250, 7.750)	(2.000, 1.000, 2.000)	BoxCollider enabled=True trigger=False
Floor/Floor 2x2 (31)	True	Floor 2x2	(-8.000, -0.250, -0.250)	(0.00, 0.00, 0.00)	(1.000, 1.000, 1.000)	(-8.000, 0.250, -0.250)	(2.000, 1.000, 2.000)	BoxCollider enabled=True trigger=False
Floor/Floor 2x2 (32)	True	Floor 2x2	(-8.000, -0.250, 1.750)	(0.00, 0.00, 0.00)	(1.000, 1.000, 1.000)	(-8.000, 0.250, 1.750)	(2.000, 1.000, 2.000)	BoxCollider enabled=True trigger=False
Floor/Floor 2x2 (33)	True	Floor 2x2	(-8.000, -0.250, 3.750)	(0.00, 0.00, 0.00)	(1.000, 1.000, 1.000)	(-8.000, 0.250, 3.750)	(2.000, 1.000, 2.000)	BoxCollider enabled=True trigger=False
Floor/Floor 2x2 (34)	True	Floor 2x2	(-8.000, -0.250, 5.750)	(0.00, 0.00, 0.00)	(1.000, 1.000, 1.000)	(-8.000, 0.250, 5.750)	(2.000, 1.000, 2.000)	BoxCollider enabled=True trigger=False
Floor/Floor 2x2 (35)	True	Floor 2x2	(-8.000, -0.250, 7.750)	(0.00, 0.00, 0.00)	(1.000, 1.000, 1.000)	(-8.000, 0.250, 7.750)	(2.000, 1.000, 2.000)	BoxCollider enabled=True trigger=False
Floor/Floor 2x2 (37)	True	Floor 2x2	(-10.000, -0.250, -0.250)	(0.00, 0.00, 0.00)	(1.000, 1.000, 1.000)	(-10.000, 0.250, -0.250)	(2.000, 1.000, 2.000)	BoxCollider enabled=True trigger=False
Floor/Floor 2x2 (38)	True	Floor 2x2	(-10.000, -0.250, 1.750)	(0.00, 0.00, 0.00)	(1.000, 1.000, 1.000)	(-10.000, 0.250, 1.750)	(2.000, 1.000, 2.000)	BoxCollider enabled=True trigger=False
Floor/Floor 2x2 (39)	True	Floor 2x2	(-10.000, -0.250, 3.750)	(0.00, 0.00, 0.00)	(1.000, 1.000, 1.000)	(-10.000, 0.250, 3.750)	(2.000, 1.000, 2.000)	BoxCollider enabled=True trigger=False
Floor/Floor 2x2 (40)	True	Floor 2x2	(-10.000, -0.250, 5.750)	(0.00, 0.00, 0.00)	(1.000, 1.000, 1.000)	(-10.000, 0.250, 5.750)	(2.000, 1.000, 2.000)	BoxCollider enabled=True trigger=False
Floor/Floor 2x2 (41)	True	Floor 2x2	(-10.000, -0.250, 7.750)	(0.00, 0.00, 0.00)	(1.000, 1.000, 1.000)	(-10.000, 0.250, 7.750)	(2.000, 1.000, 2.000)	BoxCollider enabled=True trigger=False
Floor/Floor 2x2 (43)	True	Floor 2x2	(-12.000, -0.250, -0.250)	(0.00, 0.00, 0.00)	(1.000, 1.000, 1.000)	(-12.000, 0.250, -0.250)	(2.000, 1.000, 2.000)	BoxCollider enabled=True trigger=False
Floor/Floor 2x2 (44)	True	Floor 2x2	(-12.000, -0.250, 1.750)	(0.00, 0.00, 0.00)	(1.000, 1.000, 1.000)	(-12.000, 0.250, 1.750)	(2.000, 1.000, 2.000)	BoxCollider enabled=True trigger=False
Floor/Floor 2x2 (45)	True	Floor 2x2	(-12.000, -0.250, 3.750)	(0.00, 0.00, 0.00)	(1.000, 1.000, 1.000)	(-12.000, 0.250, 3.750)	(2.000, 1.000, 2.000)	BoxCollider enabled=True trigger=False
Floor/Floor 2x2 (46)	True	Floor 2x2	(-12.000, -0.250, 5.750)	(0.00, 0.00, 0.00)	(1.000, 1.000, 1.000)	(-12.000, 0.250, 5.750)	(2.000, 1.000, 2.000)	BoxCollider enabled=True trigger=False
Floor/Floor 2x2 (47)	True	Floor 2x2	(-12.000, -0.250, 7.750)	(0.00, 0.00, 0.00)	(1.000, 1.000, 1.000)	(-12.000, 0.250, 7.750)	(2.000, 1.000, 2.000)	BoxCollider enabled=True trigger=False
Floor/Floor 2x2 side (17)	True	Floor 2x2 side	(-12.000, -0.250, -2.250)	(0.00, 270.00, 0.00)	(1.000, 1.000, 1.000)	(-12.000, 0.250, -2.250)	(2.000, 1.000, 2.000)	BoxCollider enabled=True trigger=False
Floor/Floor 2x2 side (18)	True	Floor 2x2 side	(-6.000, -0.250, -2.250)	(0.00, 270.00, 0.00)	(1.000, 1.000, 1.000)	(-6.000, 0.250, -2.250)	(2.000, 1.000, 2.000)	BoxCollider enabled=True trigger=False
Floor/Floor 2x2 side (19)	True	Floor 2x2 side	(-8.000, -0.250, -2.250)	(0.00, 270.00, 0.00)	(1.000, 1.000, 1.000)	(-8.000, 0.250, -2.250)	(2.000, 1.000, 2.000)	BoxCollider enabled=True trigger=False
Floor/Floor 2x2 side (20)	True	Floor 2x2 side	(-10.000, -0.250, -2.250)	(0.00, 270.00, 0.00)	(1.000, 1.000, 1.000)	(-10.000, 0.250, -2.250)	(2.000, 1.000, 2.000)	BoxCollider enabled=True trigger=False
Floor/Floor 2x2 side (30)	True	Floor 2x2 side	(0.000, -0.250, -2.250)	(0.00, 270.00, 0.00)	(1.000, 1.000, 1.000)	(0.000, 0.250, -2.250)	(2.000, 1.000, 2.000)	BoxCollider enabled=True trigger=False
Floor/Floor 2x2 (64)	True	Floor 2x2	(0.000, -0.250, 9.750)	(0.00, 0.00, 0.00)	(1.000, 1.000, 1.000)	(0.000, 0.250, 9.750)	(2.000, 1.000, 2.000)	BoxCollider enabled=True trigger=False
Floor/Floor 2x2 (65)	True	Floor 2x2	(-2.000, -0.250, 9.750)	(0.00, 0.00, 0.00)	(1.000, 1.000, 1.000)	(-2.000, 0.250, 9.750)	(2.000, 1.000, 2.000)	BoxCollider enabled=True trigger=False
Floor/Floor 2x2 (66)	True	Floor 2x2	(-4.000, -0.250, 9.750)	(0.00, 0.00, 0.00)	(1.000, 1.000, 1.000)	(-4.000, 0.250, 9.750)	(2.000, 1.000, 2.000)	BoxCollider enabled=True trigger=False
Floor/Floor 2x2 (67)	True	Floor 2x2	(-6.000, -0.250, 9.750)	(0.00, 0.00, 0.00)	(1.000, 1.000, 1.000)	(-6.000, 0.250, 9.750)	(2.000, 1.000, 2.000)	BoxCollider enabled=True trigger=False
Floor/Floor 2x2 (68)	True	Floor 2x2	(-8.000, -0.250, 9.750)	(0.00, 0.00, 0.00)	(1.000, 1.000, 1.000)	(-8.000, 0.250, 9.750)	(2.000, 1.000, 2.000)	BoxCollider enabled=True trigger=False
Floor/Floor 2x2 (69)	True	Floor 2x2	(-10.000, -0.250, 9.750)	(0.00, 0.00, 0.00)	(1.000, 1.000, 1.000)	(-10.000, 0.250, 9.750)	(2.000, 1.000, 2.000)	BoxCollider enabled=True trigger=False
Floor/Floor 2x2 (70)	True	Floor 2x2	(-12.000, -0.250, 9.750)	(0.00, 0.00, 0.00)	(1.000, 1.000, 1.000)	(-12.000, 0.250, 9.750)	(2.000, 1.000, 2.000)	BoxCollider enabled=True trigger=False
Main Building/Ground Level/Objects/mv_roof_lamp	True	lamp	(-5.773, 2.597, 3.199)	(0.00, 0.00, 0.00)	(1.000, 1.000, 1.000)	(-5.773, 2.514, 3.199)	(0.410, 0.165, 0.410)	MeshCollider enabled=True trigger=False
Main Building/roof 2/Roof 2x2	True	Roof 2x2	(-3.000, 6.050, 0.250)	(0.00, 0.00, 0.00)	(1.000, 1.000, 1.000)	(-4.000, 6.200, 1.250)	(2.000, 0.300, 2.000)	BoxCollider enabled=True trigger=False
Main Building/roof 2/Roof 2x2 side	True	Roof 2x2 side	(-5.500, 6.050, 0.250)	(0.00, 0.00, 0.00)	(1.000, 1.000, 1.000)	(-6.550, 6.200, 1.250)	(2.100, 0.300, 2.000)	BoxCollider enabled=True trigger=False
Main Building/roof 2/Roof 2x2 side (1)	True	Roof 2x2 side	(-3.000, 6.050, 2.250)	(0.00, 180.00, 0.00)	(1.000, 1.000, 1.000)	(-1.950, 6.200, 1.250)	(2.100, 0.300, 2.000)	BoxCollider enabled=True trigger=False
Main Building/roof 2/Roof 2x2 side (2)	True	Roof 2x2 side	(-3.000, 6.050, 0.250)	(0.00, 270.00, 0.00)	(1.000, 1.000, 1.000)	(-4.000, 6.200, -0.800)	(2.000, 0.300, 2.100)	BoxCollider enabled=True trigger=False
Main Building/roof 2/Roof 2x2 corner	True	Roof 2x2 corner	(-5.500, 6.050, 0.250)	(0.00, 270.00, 0.00)	(1.000, 1.000, 1.000)	(-6.550, 6.200, -0.800)	(2.100, 0.300, 2.100)	BoxCollider enabled=True trigger=False
Main Building/roof 2/Roof 2x2 corner (1)	True	Roof 2x2 corner	(-3.000, 6.050, 0.250)	(0.00, 180.00, 0.00)	(1.000, 1.000, 1.000)	(-1.950, 6.200, -0.800)	(2.100, 0.300, 2.100)	BoxCollider enabled=True trigger=False
Main Building/roof 2/Roof 2x2 (1)	True	Roof 2x2	(-3.000, 6.050, 2.250)	(0.00, 0.00, 0.00)	(1.000, 1.000, 1.000)	(-4.000, 6.200, 3.250)	(2.000, 0.300, 2.000)	BoxCollider enabled=True trigger=False
Main Building/roof 2/Roof 2x2 side (3)	True	Roof 2x2 side	(-5.500, 6.050, 2.250)	(0.00, 0.00, 0.00)	(1.000, 1.000, 1.000)	(-6.550, 6.200, 3.250)	(2.100, 0.300, 2.000)	BoxCollider enabled=True trigger=False
Main Building/roof 2/Roof 2x2 side (4)	True	Roof 2x2 side	(-3.000, 6.050, 4.250)	(0.00, 180.00, 0.00)	(1.000, 1.000, 1.000)	(-1.950, 6.200, 3.250)	(2.100, 0.300, 2.000)	BoxCollider enabled=True trigger=False
Main Building/roof 2/Roof 2x2 (2)	True	Roof 2x2	(-3.000, 6.050, 4.250)	(0.00, 0.00, 0.00)	(1.000, 1.000, 1.000)	(-4.000, 6.200, 5.250)	(2.000, 0.300, 2.000)	BoxCollider enabled=True trigger=False
Main Building/roof 2/Roof 2x2 side (5)	True	Roof 2x2 side	(-5.500, 6.050, 4.250)	(0.00, 0.00, 0.00)	(1.000, 1.000, 1.000)	(-6.550, 6.200, 5.250)	(2.100, 0.300, 2.000)	BoxCollider enabled=True trigger=False
Main Building/roof 2/Roof 2x2 side (6)	True	Roof 2x2 side	(-3.000, 6.050, 6.250)	(0.00, 180.00, 0.00)	(1.000, 1.000, 1.000)	(-1.950, 6.200, 5.250)	(2.100, 0.300, 2.000)	BoxCollider enabled=True trigger=False
Main Building/roof 2/Roof 2x2 (3)	True	Roof 2x2	(-3.000, 6.050, 6.250)	(0.00, 0.00, 0.00)	(1.000, 1.000, 1.000)	(-4.000, 6.200, 7.250)	(2.000, 0.300, 2.000)	BoxCollider enabled=True trigger=False
Main Building/roof 2/Roof 2x2 side (7)	True	Roof 2x2 side	(-5.500, 6.050, 6.250)	(0.00, 0.00, 0.00)	(1.000, 1.000, 1.000)	(-6.550, 6.200, 7.250)	(2.100, 0.300, 2.000)	BoxCollider enabled=True trigger=False
Main Building/roof 2/Roof 2x2 side (8)	True	Roof 2x2 side	(-3.000, 6.050, 8.250)	(0.00, 180.00, 0.00)	(1.000, 1.000, 1.000)	(-1.950, 6.200, 7.250)	(2.100, 0.300, 2.000)	BoxCollider enabled=True trigger=False
Main Building/roof 2/Roof 2x2 side (11)	True	Roof 2x2 side	(-5.000, 6.050, 8.250)	(0.00, 90.00, 0.00)	(1.000, 1.000, 1.000)	(-4.000, 6.200, 9.300)	(2.000, 0.300, 2.100)	BoxCollider enabled=True trigger=False
Main Building/roof 2/Roof 2x2 corner (2)	True	Roof 2x2 corner	(-5.500, 6.050, 8.250)	(0.00, 0.00, 0.00)	(1.000, 1.000, 1.000)	(-6.550, 6.200, 9.300)	(2.100, 0.300, 2.100)	BoxCollider enabled=True trigger=False
Main Building/roof 2/Roof 2x2 corner (3)	True	Roof 2x2 corner	(-3.000, 6.050, 8.250)	(0.00, 90.00, 0.00)	(1.000, 1.000, 1.000)	(-1.950, 6.200, 9.300)	(2.100, 0.300, 2.100)	BoxCollider enabled=True trigger=False
Main Building/roof 2/Roof ,5x,5 (26)	True	Roof ,5x,5	(-5.500, 6.050, -0.750)	(0.00, 180.00, 0.00)	(1.000, 1.000, 1.000)	(-5.250, 6.200, -1.000)	(0.500, 0.300, 0.500)	BoxCollider enabled=True trigger=False;BoxCollider enabled=True trigger=False
Main Building/roof 2/Roof ,5x,5 (27)	True	Roof ,5x,5	(-5.500, 6.050, -0.250)	(0.00, 180.00, 0.00)	(1.000, 1.000, 1.000)	(-5.250, 6.200, -0.500)	(0.500, 0.300, 0.500)	BoxCollider enabled=True trigger=False;BoxCollider enabled=True trigger=False
Main Building/roof 2/Roof ,5x,5 (28)	True	Roof ,5x,5	(-5.500, 6.050, 0.250)	(0.00, 180.00, 0.00)	(1.000, 1.000, 1.000)	(-5.250, 6.200, 0.000)	(0.500, 0.300, 0.500)	BoxCollider enabled=True trigger=False;BoxCollider enabled=True trigger=False
Main Building/roof 2/Roof ,5x,5 (29)	True	Roof ,5x,5	(-5.500, 6.050, 0.750)	(0.00, 180.00, 0.00)	(1.000, 1.000, 1.000)	(-5.250, 6.200, 0.500)	(0.500, 0.300, 0.500)	BoxCollider enabled=True trigger=False;BoxCollider enabled=True trigger=False
Main Building/roof 2/Roof ,5x,5 (30)	True	Roof ,5x,5	(-5.500, 6.050, 1.250)	(0.00, 180.00, 0.00)	(1.000, 1.000, 1.000)	(-5.250, 6.200, 1.000)	(0.500, 0.300, 0.500)	BoxCollider enabled=True trigger=False;BoxCollider enabled=True trigger=False
Main Building/roof 2/Roof ,5x,5 (31)	True	Roof ,5x,5	(-5.500, 6.050, 1.750)	(0.00, 180.00, 0.00)	(1.000, 1.000, 1.000)	(-5.250, 6.200, 1.500)	(0.500, 0.300, 0.500)	BoxCollider enabled=True trigger=False;BoxCollider enabled=True trigger=False
Main Building/roof 2/Roof ,5x,5 (32)	True	Roof ,5x,5	(-5.500, 6.050, 2.250)	(0.00, 180.00, 0.00)	(1.000, 1.000, 1.000)	(-5.250, 6.200, 2.000)	(0.500, 0.300, 0.500)	BoxCollider enabled=True trigger=False;BoxCollider enabled=True trigger=False
Main Building/roof 2/Roof ,5x,5 (33)	True	Roof ,5x,5	(-5.500, 6.050, 2.750)	(0.00, 180.00, 0.00)	(1.000, 1.000, 1.000)	(-5.250, 6.200, 2.500)	(0.500, 0.300, 0.500)	BoxCollider enabled=True trigger=False;BoxCollider enabled=True trigger=False
Main Building/roof 2/Roof ,5x,5 (34)	True	Roof ,5x,5	(-5.500, 6.050, 3.250)	(0.00, 180.00, 0.00)	(1.000, 1.000, 1.000)	(-5.250, 6.200, 3.000)	(0.500, 0.300, 0.500)	BoxCollider enabled=True trigger=False;BoxCollider enabled=True trigger=False
Main Building/roof 2/Roof ,5x,5 (35)	True	Roof ,5x,5	(-5.500, 6.050, 3.750)	(0.00, 180.00, 0.00)	(1.000, 1.000, 1.000)	(-5.250, 6.200, 3.500)	(0.500, 0.300, 0.500)	BoxCollider enabled=True trigger=False;BoxCollider enabled=True trigger=False
Main Building/roof 2/Roof ,5x,5 (36)	True	Roof ,5x,5	(-5.500, 6.050, 4.250)	(0.00, 180.00, 0.00)	(1.000, 1.000, 1.000)	(-5.250, 6.200, 4.000)	(0.500, 0.300, 0.500)	BoxCollider enabled=True trigger=False;BoxCollider enabled=True trigger=False
Main Building/roof 2/Roof ,5x,5 (37)	True	Roof ,5x,5	(-5.500, 6.050, 4.750)	(0.00, 180.00, 0.00)	(1.000, 1.000, 1.000)	(-5.250, 6.200, 4.500)	(0.500, 0.300, 0.500)	BoxCollider enabled=True trigger=False;BoxCollider enabled=True trigger=False
Main Building/roof 2/Roof ,5x,5 (38)	True	Roof ,5x,5	(-5.500, 6.050, 5.250)	(0.00, 180.00, 0.00)	(1.000, 1.000, 1.000)	(-5.250, 6.200, 5.000)	(0.500, 0.300, 0.500)	BoxCollider enabled=True trigger=False;BoxCollider enabled=True trigger=False
Main Building/roof 2/Roof ,5x,5 (39)	True	Roof ,5x,5	(-5.500, 6.050, 5.750)	(0.00, 180.00, 0.00)	(1.000, 1.000, 1.000)	(-5.250, 6.200, 5.500)	(0.500, 0.300, 0.500)	BoxCollider enabled=True trigger=False;BoxCollider enabled=True trigger=False
Main Building/roof 2/Roof ,5x,5 (40)	True	Roof ,5x,5	(-5.500, 6.050, 6.250)	(0.00, 180.00, 0.00)	(1.000, 1.000, 1.000)	(-5.250, 6.200, 6.000)	(0.500, 0.300, 0.500)	BoxCollider enabled=True trigger=False;BoxCollider enabled=True trigger=False
Main Building/roof 2/Roof ,5x,5 (41)	True	Roof ,5x,5	(-5.500, 6.050, 6.750)	(0.00, 180.00, 0.00)	(1.000, 1.000, 1.000)	(-5.250, 6.200, 6.500)	(0.500, 0.300, 0.500)	BoxCollider enabled=True trigger=False;BoxCollider enabled=True trigger=False
Main Building/roof 2/Roof ,5x,5 (42)	True	Roof ,5x,5	(-5.500, 6.050, 7.250)	(0.00, 180.00, 0.00)	(1.000, 1.000, 1.000)	(-5.250, 6.200, 7.000)	(0.500, 0.300, 0.500)	BoxCollider enabled=True trigger=False;BoxCollider enabled=True trigger=False
Main Building/roof 2/Roof ,5x,5 (43)	True	Roof ,5x,5	(-5.500, 6.050, 7.750)	(0.00, 180.00, 0.00)	(1.000, 1.000, 1.000)	(-5.250, 6.200, 7.500)	(0.500, 0.300, 0.500)	BoxCollider enabled=True trigger=False;BoxCollider enabled=True trigger=False
Main Building/roof 2/Roof ,5x,5 (44)	True	Roof ,5x,5	(-5.500, 6.050, 8.250)	(0.00, 180.00, 0.00)	(1.000, 1.000, 1.000)	(-5.250, 6.200, 8.000)	(0.500, 0.300, 0.500)	BoxCollider enabled=True trigger=False;BoxCollider enabled=True trigger=False
Main Building/roof 2/Roof ,5x,5 (45)	True	Roof ,5x,5	(-5.500, 6.050, 8.750)	(0.00, 180.00, 0.00)	(1.000, 1.000, 1.000)	(-5.250, 6.200, 8.500)	(0.500, 0.300, 0.500)	BoxCollider enabled=True trigger=False;BoxCollider enabled=True trigger=False
Main Building/roof 2/Roof ,5x,5 (46)	True	Roof ,5x,5	(-5.500, 6.050, 9.250)	(0.00, 180.00, 0.00)	(1.000, 1.000, 1.000)	(-5.250, 6.200, 9.000)	(0.500, 0.300, 0.500)	BoxCollider enabled=True trigger=False;BoxCollider enabled=True trigger=False
Main Building/roof 2/Roof ,5x,5 (47)	True	Roof ,5x,5	(-5.500, 6.050, 9.750)	(0.00, 180.00, 0.00)	(1.000, 1.000, 1.000)	(-5.250, 6.200, 9.500)	(0.500, 0.300, 0.500)	BoxCollider enabled=True trigger=False;BoxCollider enabled=True trigger=False
Main Building/roof 2/Roof ,5x,5 side (3)	True	Roof ,5x,5 side	(-5.000, 6.050, 9.750)	(0.00, 0.00, 0.00)	(1.000, 1.000, 1.000)	(-5.250, 6.200, 10.050)	(0.500, 0.300, 0.600)	BoxCollider enabled=True trigger=False
Main Building/roof 2/Roof ,5x,5 side (2)	True	Roof ,5x,5 side	(-5.500, 6.050, -1.250)	(0.00, 180.00, 0.00)	(1.000, 1.000, 1.000)	(-5.250, 6.200, -1.550)	(0.500, 0.300, 0.600)	BoxCollider enabled=True trigger=False
Main Building/roof 2 (1)/Roof 2x2	True	Roof 2x2	(-3.000, 3.255, 0.000)	(0.00, 0.00, 0.00)	(1.000, 1.000, 1.000)	(-4.000, 3.405, 1.000)	(2.000, 0.300, 2.000)	BoxCollider enabled=True trigger=False
Main Building/roof 2 (1)/Roof 2x2 side	True	Roof 2x2 side	(-5.500, 3.255, 0.000)	(0.00, 0.00, 0.00)	(1.000, 1.000, 1.000)	(-6.550, 3.405, 1.000)	(2.100, 0.300, 2.000)	BoxCollider enabled=True trigger=False
Main Building/roof 2 (1)/Roof 2x2 side (1)	True	Roof 2x2 side	(-3.000, 3.255, 2.000)	(0.00, 180.00, 0.00)	(1.000, 1.000, 1.000)	(-1.950, 3.405, 1.000)	(2.100, 0.300, 2.000)	BoxCollider enabled=True trigger=False
Main Building/roof 2 (1)/Roof 2x2 side (2)	True	Roof 2x2 side	(-3.000, 3.255, 0.000)	(0.00, 270.00, 0.00)	(1.000, 1.000, 1.000)	(-4.000, 3.405, -1.050)	(2.000, 0.300, 2.100)	BoxCollider enabled=True trigger=False
Main Building/roof 2 (1)/Roof 2x2 corner	True	Roof 2x2 corner	(-5.500, 3.255, 0.000)	(0.00, 270.00, 0.00)	(1.000, 1.000, 1.000)	(-6.550, 3.405, -1.050)	(2.100, 0.300, 2.100)	BoxCollider enabled=True trigger=False
Main Building/roof 2 (1)/Roof 2x2 corner (1)	True	Roof 2x2 corner	(-3.000, 3.255, 0.000)	(0.00, 180.00, 0.00)	(1.000, 1.000, 1.000)	(-1.950, 3.405, -1.050)	(2.100, 0.300, 2.100)	BoxCollider enabled=True trigger=False
Main Building/roof 2 (1)/Roof 2x2 (1)	True	Roof 2x2	(-3.000, 3.255, 2.000)	(0.00, 0.00, 0.00)	(1.000, 1.000, 1.000)	(-4.000, 3.405, 3.000)	(2.000, 0.300, 2.000)	BoxCollider enabled=True trigger=False
Main Building/roof 2 (1)/Roof 2x2 side (3)	True	Roof 2x2 side	(-5.500, 3.255, 2.000)	(0.00, 0.00, 0.00)	(1.000, 1.000, 1.000)	(-6.550, 3.405, 3.000)	(2.100, 0.300, 2.000)	BoxCollider enabled=True trigger=False
Main Building/roof 2 (1)/Roof 2x2 side (4)	True	Roof 2x2 side	(-3.000, 3.255, 4.000)	(0.00, 180.00, 0.00)	(1.000, 1.000, 1.000)	(-1.950, 3.405, 3.000)	(2.100, 0.300, 2.000)	BoxCollider enabled=True trigger=False
Main Building/roof 2 (1)/Roof 2x2 (2)	True	Roof 2x2	(-3.000, 3.255, 4.000)	(0.00, 0.00, 0.00)	(1.000, 1.000, 1.000)	(-4.000, 3.405, 5.000)	(2.000, 0.300, 2.000)	BoxCollider enabled=True trigger=False
Main Building/roof 2 (1)/Roof 2x2 side (5)	True	Roof 2x2 side	(-5.500, 3.255, 4.000)	(0.00, 0.00, 0.00)	(1.000, 1.000, 1.000)	(-6.550, 3.405, 5.000)	(2.100, 0.300, 2.000)	BoxCollider enabled=True trigger=False
Main Building/roof 2 (1)/Roof 2x2 side (6)	True	Roof 2x2 side	(-3.000, 3.255, 6.000)	(0.00, 180.00, 0.00)	(1.000, 1.000, 1.000)	(-1.950, 3.405, 5.000)	(2.100, 0.300, 2.000)	BoxCollider enabled=True trigger=False
Main Building/roof 2 (1)/Roof 2x2 (3)	True	Roof 2x2	(-3.000, 3.255, 6.000)	(0.00, 0.00, 0.00)	(1.000, 1.000, 1.000)	(-4.000, 3.405, 7.000)	(2.000, 0.300, 2.000)	BoxCollider enabled=True trigger=False
Main Building/roof 2 (1)/Roof 2x2 side (7)	True	Roof 2x2 side	(-5.500, 3.255, 6.000)	(0.00, 0.00, 0.00)	(1.000, 1.000, 1.000)	(-6.550, 3.405, 7.000)	(2.100, 0.300, 2.000)	BoxCollider enabled=True trigger=False
Main Building/roof 2 (1)/Roof 2x2 side (8)	True	Roof 2x2 side	(-3.000, 3.255, 8.000)	(0.00, 180.00, 0.00)	(1.000, 1.000, 1.000)	(-1.950, 3.405, 7.000)	(2.100, 0.300, 2.000)	BoxCollider enabled=True trigger=False
Main Building/roof 2 (1)/Roof 2x2 (4)	True	Roof 2x2	(-3.000, 3.255, 8.000)	(0.00, 0.00, 0.00)	(1.000, 1.000, 1.000)	(-4.000, 3.405, 9.000)	(2.000, 0.300, 2.000)	BoxCollider enabled=True trigger=False
Main Building/roof 2 (1)/Roof 2x2 side (9)	True	Roof 2x2 side	(-5.500, 3.255, 8.000)	(0.00, 0.00, 0.00)	(1.000, 1.000, 1.000)	(-6.550, 3.405, 9.000)	(2.100, 0.300, 2.000)	BoxCollider enabled=True trigger=False
Main Building/roof 2 (1)/Roof 2x2 side (10)	True	Roof 2x2 side	(-3.000, 3.255, 10.000)	(0.00, 180.00, 0.00)	(1.000, 1.000, 1.000)	(-1.950, 3.405, 9.000)	(2.100, 0.300, 2.000)	BoxCollider enabled=True trigger=False
Main Building/roof 2 (1)/Roof 2x2 side (11)	True	Roof 2x2 side	(-5.000, 3.255, 10.000)	(0.00, 90.00, 0.00)	(1.000, 1.000, 1.000)	(-4.000, 3.405, 11.050)	(2.000, 0.300, 2.100)	BoxCollider enabled=True trigger=False
Main Building/roof 2 (1)/Roof 2x2 corner (2)	True	Roof 2x2 corner	(-5.500, 3.255, 10.000)	(0.00, 0.00, 0.00)	(1.000, 1.000, 1.000)	(-6.550, 3.405, 11.050)	(2.100, 0.300, 2.100)	BoxCollider enabled=True trigger=False
Main Building/roof 2 (1)/Roof 2x2 corner (3)	True	Roof 2x2 corner	(-3.000, 3.255, 10.000)	(0.00, 90.00, 0.00)	(1.000, 1.000, 1.000)	(-1.950, 3.405, 11.050)	(2.100, 0.300, 2.100)	BoxCollider enabled=True trigger=False
Main Building/roof 2 (1)/Roof ,5x,5	True	Roof ,5x,5	(-5.500, 3.255, -1.000)	(0.00, 180.00, 0.00)	(1.000, 1.000, 1.000)	(-5.250, 3.405, -1.250)	(0.500, 0.300, 0.500)	BoxCollider enabled=True trigger=False;BoxCollider enabled=True trigger=False
Main Building/roof 2 (1)/Roof ,5x,5 (1)	True	Roof ,5x,5	(-5.500, 3.255, -0.500)	(0.00, 180.00, 0.00)	(1.000, 1.000, 1.000)	(-5.250, 3.405, -0.750)	(0.500, 0.300, 0.500)	BoxCollider enabled=True trigger=False;BoxCollider enabled=True trigger=False
Main Building/roof 2 (1)/Roof ,5x,5 (2)	True	Roof ,5x,5	(-5.500, 3.255, 0.000)	(0.00, 180.00, 0.00)	(1.000, 1.000, 1.000)	(-5.250, 3.405, -0.250)	(0.500, 0.300, 0.500)	BoxCollider enabled=True trigger=False;BoxCollider enabled=True trigger=False
Main Building/roof 2 (1)/Roof ,5x,5 (3)	True	Roof ,5x,5	(-5.500, 3.255, 0.500)	(0.00, 180.00, 0.00)	(1.000, 1.000, 1.000)	(-5.250, 3.405, 0.250)	(0.500, 0.300, 0.500)	BoxCollider enabled=True trigger=False;BoxCollider enabled=True trigger=False
Main Building/roof 2 (1)/Roof ,5x,5 (4)	True	Roof ,5x,5	(-5.500, 3.255, 1.000)	(0.00, 180.00, 0.00)	(1.000, 1.000, 1.000)	(-5.250, 3.405, 0.750)	(0.500, 0.300, 0.500)	BoxCollider enabled=True trigger=False;BoxCollider enabled=True trigger=False
Main Building/roof 2 (1)/Roof ,5x,5 (5)	True	Roof ,5x,5	(-5.500, 3.255, 1.500)	(0.00, 180.00, 0.00)	(1.000, 1.000, 1.000)	(-5.250, 3.405, 1.250)	(0.500, 0.300, 0.500)	BoxCollider enabled=True trigger=False;BoxCollider enabled=True trigger=False
Main Building/roof 2 (1)/Roof ,5x,5 (6)	True	Roof ,5x,5	(-5.500, 3.255, 2.000)	(0.00, 180.00, 0.00)	(1.000, 1.000, 1.000)	(-5.250, 3.405, 1.750)	(0.500, 0.300, 0.500)	BoxCollider enabled=True trigger=False;BoxCollider enabled=True trigger=False
Main Building/roof 2 (1)/Roof ,5x,5 (7)	True	Roof ,5x,5	(-5.500, 3.255, 2.500)	(0.00, 180.00, 0.00)	(1.000, 1.000, 1.000)	(-5.250, 3.405, 2.250)	(0.500, 0.300, 0.500)	BoxCollider enabled=True trigger=False;BoxCollider enabled=True trigger=False
Main Building/roof 2 (1)/Roof ,5x,5 (8)	True	Roof ,5x,5	(-5.500, 3.255, 3.000)	(0.00, 180.00, 0.00)	(1.000, 1.000, 1.000)	(-5.250, 3.405, 2.750)	(0.500, 0.300, 0.500)	BoxCollider enabled=True trigger=False;BoxCollider enabled=True trigger=False
Main Building/roof 2 (1)/Roof ,5x,5 (9)	True	Roof ,5x,5	(-5.500, 3.255, 3.500)	(0.00, 180.00, 0.00)	(1.000, 1.000, 1.000)	(-5.250, 3.405, 3.250)	(0.500, 0.300, 0.500)	BoxCollider enabled=True trigger=False;BoxCollider enabled=True trigger=False
Main Building/roof 2 (1)/Roof ,5x,5 (10)	True	Roof ,5x,5	(-5.500, 3.255, 4.000)	(0.00, 180.00, 0.00)	(1.000, 1.000, 1.000)	(-5.250, 3.405, 3.750)	(0.500, 0.300, 0.500)	BoxCollider enabled=True trigger=False;BoxCollider enabled=True trigger=False
Main Building/roof 2 (1)/Roof ,5x,5 (11)	True	Roof ,5x,5	(-5.500, 3.255, 4.500)	(0.00, 180.00, 0.00)	(1.000, 1.000, 1.000)	(-5.250, 3.405, 4.250)	(0.500, 0.300, 0.500)	BoxCollider enabled=True trigger=False;BoxCollider enabled=True trigger=False
Main Building/roof 2 (1)/Roof ,5x,5 (12)	True	Roof ,5x,5	(-5.500, 3.255, 5.000)	(0.00, 180.00, 0.00)	(1.000, 1.000, 1.000)	(-5.250, 3.405, 4.750)	(0.500, 0.300, 0.500)	BoxCollider enabled=True trigger=False;BoxCollider enabled=True trigger=False
Main Building/roof 2 (1)/Roof ,5x,5 (13)	True	Roof ,5x,5	(-5.500, 3.255, 5.500)	(0.00, 180.00, 0.00)	(1.000, 1.000, 1.000)	(-5.250, 3.405, 5.250)	(0.500, 0.300, 0.500)	BoxCollider enabled=True trigger=False;BoxCollider enabled=True trigger=False
Main Building/roof 2 (1)/Roof ,5x,5 (14)	True	Roof ,5x,5	(-5.500, 3.255, 6.000)	(0.00, 180.00, 0.00)	(1.000, 1.000, 1.000)	(-5.250, 3.405, 5.750)	(0.500, 0.300, 0.500)	BoxCollider enabled=True trigger=False;BoxCollider enabled=True trigger=False
Main Building/roof 2 (1)/Roof ,5x,5 (15)	True	Roof ,5x,5	(-5.500, 3.255, 6.500)	(0.00, 180.00, 0.00)	(1.000, 1.000, 1.000)	(-5.250, 3.405, 6.250)	(0.500, 0.300, 0.500)	BoxCollider enabled=True trigger=False;BoxCollider enabled=True trigger=False
Main Building/roof 2 (1)/Roof ,5x,5 (16)	True	Roof ,5x,5	(-5.500, 3.255, 7.000)	(0.00, 180.00, 0.00)	(1.000, 1.000, 1.000)	(-5.250, 3.405, 6.750)	(0.500, 0.300, 0.500)	BoxCollider enabled=True trigger=False;BoxCollider enabled=True trigger=False
Main Building/roof 2 (1)/Roof ,5x,5 (17)	True	Roof ,5x,5	(-5.500, 3.255, 7.500)	(0.00, 180.00, 0.00)	(1.000, 1.000, 1.000)	(-5.250, 3.405, 7.250)	(0.500, 0.300, 0.500)	BoxCollider enabled=True trigger=False;BoxCollider enabled=True trigger=False
Main Building/roof 2 (1)/Roof ,5x,5 (18)	True	Roof ,5x,5	(-5.500, 3.255, 8.000)	(0.00, 180.00, 0.00)	(1.000, 1.000, 1.000)	(-5.250, 3.405, 7.750)	(0.500, 0.300, 0.500)	BoxCollider enabled=True trigger=False;BoxCollider enabled=True trigger=False
Main Building/roof 2 (1)/Roof ,5x,5 (19)	True	Roof ,5x,5	(-5.500, 3.255, 8.500)	(0.00, 180.00, 0.00)	(1.000, 1.000, 1.000)	(-5.250, 3.405, 8.250)	(0.500, 0.300, 0.500)	BoxCollider enabled=True trigger=False;BoxCollider enabled=True trigger=False
Main Building/roof 2 (1)/Roof ,5x,5 (20)	True	Roof ,5x,5	(-5.500, 3.255, 9.000)	(0.00, 180.00, 0.00)	(1.000, 1.000, 1.000)	(-5.250, 3.405, 8.750)	(0.500, 0.300, 0.500)	BoxCollider enabled=True trigger=False;BoxCollider enabled=True trigger=False
Main Building/roof 2 (1)/Roof ,5x,5 (21)	True	Roof ,5x,5	(-5.500, 3.255, 9.500)	(0.00, 180.00, 0.00)	(1.000, 1.000, 1.000)	(-5.250, 3.405, 9.250)	(0.500, 0.300, 0.500)	BoxCollider enabled=True trigger=False;BoxCollider enabled=True trigger=False
Main Building/roof 2 (1)/Roof ,5x,5 (22)	True	Roof ,5x,5	(-5.500, 3.255, 10.000)	(0.00, 180.00, 0.00)	(1.000, 1.000, 1.000)	(-5.250, 3.405, 9.750)	(0.500, 0.300, 0.500)	BoxCollider enabled=True trigger=False;BoxCollider enabled=True trigger=False
Main Building/roof 2 (1)/Roof ,5x,5 (23)	True	Roof ,5x,5	(-5.500, 3.255, 10.500)	(0.00, 180.00, 0.00)	(1.000, 1.000, 1.000)	(-5.250, 3.405, 10.250)	(0.500, 0.300, 0.500)	BoxCollider enabled=True trigger=False;BoxCollider enabled=True trigger=False
Main Building/roof 2 (1)/Roof ,5x,5 (24)	True	Roof ,5x,5	(-5.500, 3.255, 11.000)	(0.00, 180.00, 0.00)	(1.000, 1.000, 1.000)	(-5.250, 3.405, 10.750)	(0.500, 0.300, 0.500)	BoxCollider enabled=True trigger=False;BoxCollider enabled=True trigger=False
Main Building/roof 2 (1)/Roof ,5x,5 (25)	True	Roof ,5x,5	(-5.500, 3.255, 11.500)	(0.00, 180.00, 0.00)	(1.000, 1.000, 1.000)	(-5.250, 3.405, 11.250)	(0.500, 0.300, 0.500)	BoxCollider enabled=True trigger=False;BoxCollider enabled=True trigger=False
Main Building/roof 2 (1)/Roof ,5x,5 side	True	Roof ,5x,5 side	(-5.500, 3.255, -1.500)	(0.00, 180.00, 0.00)	(1.000, 1.000, 1.000)	(-5.250, 3.405, -1.800)	(0.500, 0.300, 0.600)	BoxCollider enabled=True trigger=False
Main Building/roof 2 (1)/Roof ,5x,5 side (1)	True	Roof ,5x,5 side	(-5.000, 3.255, 11.500)	(0.00, 0.00, 0.00)	(1.000, 1.000, 1.000)	(-5.250, 3.405, 11.800)	(0.500, 0.300, 0.600)	BoxCollider enabled=True trigger=False
Pool Level/Floor/Floor 2x2	True	Floor 2x2	(6.500, -1.240, 4.750)	(0.00, 0.00, 0.00)	(1.000, 1.000, 1.000)	(6.500, -0.740, 4.750)	(2.000, 1.000, 2.000)	BoxCollider enabled=True trigger=False
Pool Level/Floor/Floor 2x2 (1)	True	Floor 2x2	(4.500, -1.240, 4.750)	(0.00, 0.00, 0.00)	(1.000, 1.000, 1.000)	(4.500, -0.740, 4.750)	(2.000, 1.000, 2.000)	BoxCollider enabled=True trigger=False
Pool Level/Floor/Floor 2x2 (2)	True	Floor 2x2	(11.000, -1.240, 4.750)	(0.00, 0.00, 0.00)	(1.000, 1.000, 1.000)	(11.000, -0.740, 4.750)	(2.000, 1.000, 2.000)	BoxCollider enabled=True trigger=False
Pool Level/Floor/Floor 2x2 (3)	True	Floor 2x2	(9.500, -1.240, 4.750)	(0.00, 0.00, 0.00)	(1.000, 1.000, 1.000)	(9.500, -0.740, 4.750)	(2.000, 1.000, 2.000)	BoxCollider enabled=True trigger=False
Pool Level/Floor/Floor 2x2 (4)	True	Floor 2x2	(6.500, -1.240, 6.750)	(0.00, 0.00, 0.00)	(1.000, 1.000, 1.000)	(6.500, -0.740, 6.750)	(2.000, 1.000, 2.000)	BoxCollider enabled=True trigger=False
Pool Level/Floor/Floor 2x2 (5)	True	Floor 2x2	(4.500, -1.240, 6.750)	(0.00, 0.00, 0.00)	(1.000, 1.000, 1.000)	(4.500, -0.740, 6.750)	(2.000, 1.000, 2.000)	BoxCollider enabled=True trigger=False
Pool Level/Floor/Floor 2x2 (6)	True	Floor 2x2	(11.000, -1.240, 6.750)	(0.00, 0.00, 0.00)	(1.000, 1.000, 1.000)	(11.000, -0.740, 6.750)	(2.000, 1.000, 2.000)	BoxCollider enabled=True trigger=False
Pool Level/Floor/Floor 2x2 (7)	True	Floor 2x2	(9.500, -1.240, 6.750)	(0.00, 0.00, 0.00)	(1.000, 1.000, 1.000)	(9.500, -0.740, 6.750)	(2.000, 1.000, 2.000)	BoxCollider enabled=True trigger=False
Pool Level/Floor/Floor 2x2 (8)	True	Floor 2x2	(6.000, -1.240, 8.750)	(0.00, 0.00, 0.00)	(1.000, 1.000, 1.000)	(6.000, -0.740, 8.750)	(2.000, 1.000, 2.000)	BoxCollider enabled=True trigger=False
Pool Level/Floor/Floor 2x2 (9)	True	Floor 2x2	(4.000, -1.240, 8.750)	(0.00, 0.00, 0.00)	(1.000, 1.000, 1.000)	(4.000, -0.740, 8.750)	(2.000, 1.000, 2.000)	BoxCollider enabled=True trigger=False
Pool Level/Floor/Floor 1x1	True	Floor 1x1	(7.500, -1.240, 3.250)	(0.00, 0.00, 0.00)	(1.000, 1.000, 1.000)	(7.500, -0.740, 3.250)	(1.000, 1.000, 1.000)	BoxCollider enabled=True trigger=False
Pool Level/Floor/Floor 1x1 (1)	True	Floor 1x1	(8.000, -1.240, 4.250)	(0.00, 0.00, 0.00)	(1.000, 1.000, 1.000)	(8.000, -0.740, 4.250)	(1.000, 1.000, 1.000)	BoxCollider enabled=True trigger=False
Pool Level/Floor/Floor 1x1 (2)	True	Floor 1x1	(8.000, -1.240, 5.250)	(0.00, 0.00, 0.00)	(1.000, 1.000, 1.000)	(8.000, -0.740, 5.250)	(1.000, 1.000, 1.000)	BoxCollider enabled=True trigger=False
Pool Level/Floor/Floor 1x1 (3)	True	Floor 1x1	(8.000, -1.240, 6.250)	(0.00, 0.00, 0.00)	(1.000, 1.000, 1.000)	(8.000, -0.740, 6.250)	(1.000, 1.000, 1.000)	BoxCollider enabled=True trigger=False
Pool Level/Floor/Floor 2x2 (16)	True	Floor 2x2	(11.000, -1.240, 2.750)	(0.00, 0.00, 0.00)	(1.000, 1.000, 1.000)	(11.000, -0.740, 2.750)	(2.000, 1.000, 2.000)	BoxCollider enabled=True trigger=False
Pool Level/Floor/Floor 1x1 (4)	True	Floor 1x1	(8.000, -1.240, 7.750)	(0.00, 0.00, 0.00)	(1.000, 1.000, 1.000)	(8.000, -0.740, 7.750)	(1.000, 1.000, 1.000)	BoxCollider enabled=True trigger=False
Pool Level/Floor/Floor 2x2 (22)	True	Floor 2x2	(4.000, -1.240, -2.250)	(0.00, 0.00, 0.00)	(1.000, 1.000, 1.000)	(4.000, -0.740, -2.250)	(2.000, 1.000, 2.000)	BoxCollider enabled=True trigger=False
Pool Level/Floor/Floor 2x2 (17)	True	Floor 2x2	(4.250, -1.240, 2.750)	(0.00, 0.00, 0.00)	(1.000, 1.000, 1.000)	(4.250, -0.740, 2.750)	(2.000, 1.000, 2.000)	BoxCollider enabled=True trigger=False
Pool Level/Floor/Floor 2x2 (24)	True	Floor 2x2	(11.000, -1.240, -2.250)	(0.00, 0.00, 0.00)	(1.000, 1.000, 1.000)	(11.000, -0.740, -2.250)	(2.000, 1.000, 2.000)	BoxCollider enabled=True trigger=False
Pool Level/Floor/Floor 2x2 (18)	True	Floor 2x2	(4.250, -1.240, 0.750)	(0.00, 0.00, 0.00)	(1.000, 1.000, 1.000)	(4.250, -0.740, 0.750)	(2.000, 1.000, 2.000)	BoxCollider enabled=True trigger=False
Pool Level/Floor/Floor 2x2 (19)	True	Floor 2x2	(2.250, -1.240, -2.250)	(0.00, 0.00, 0.00)	(1.000, 1.000, 1.000)	(2.250, -0.740, -2.250)	(2.000, 1.000, 2.000)	BoxCollider enabled=True trigger=False
Pool Level/Floor/Floor 2x2 (20)	True	Floor 2x2	(11.000, -1.240, 0.750)	(0.00, 0.00, 0.00)	(1.000, 1.000, 1.000)	(11.000, -0.740, 0.750)	(2.000, 1.000, 2.000)	BoxCollider enabled=True trigger=False
Pool Level/Floor/Floor 2x2 (21)	True	Floor 2x2	(11.000, -1.240, -1.250)	(0.00, 0.00, 0.00)	(1.000, 1.000, 1.000)	(11.000, -0.740, -1.250)	(2.000, 1.000, 2.000)	BoxCollider enabled=True trigger=False
Pool Level/Floor/Floor 2x2 (23)	True	Floor 2x2	(0.250, -1.240, -2.250)	(0.00, 0.00, 0.00)	(1.000, 1.000, 1.000)	(0.250, -0.740, -2.250)	(2.000, 1.000, 2.000)	BoxCollider enabled=True trigger=False
Pool Level/Floor/Floor 2x2 (25)	True	Floor 2x2	(-1.750, -1.240, -2.250)	(0.00, 0.00, 0.00)	(1.000, 1.000, 1.000)	(-1.750, -0.740, -2.250)	(2.000, 1.000, 2.000)	BoxCollider enabled=True trigger=False
Pool Level/Floor/Floor 2x2 (26)	True	Floor 2x2	(-3.750, -1.240, -2.250)	(0.00, 0.00, 0.00)	(1.000, 1.000, 1.000)	(-3.750, -0.740, -2.250)	(2.000, 1.000, 2.000)	BoxCollider enabled=True trigger=False
Pool Level/Steps/mv_step_block (1)	True	Step Block	(7.500, -0.313, 6.816)	(0.00, 0.00, 0.00)	(1.000, 1.000, 1.000)	(7.500, -0.213, 6.816)	(1.000, 0.200, 0.300)	BoxCollider enabled=True trigger=False
Pool Level/Steps/mv_step_block (2)	True	Step Block	(7.500, -0.113, 7.086)	(0.00, 0.00, 0.00)	(1.000, 1.000, 1.000)	(7.500, -0.013, 7.086)	(1.000, 0.200, 0.300)	BoxCollider enabled=True trigger=False
Pool Level/Steps/mv_step_block (3)	True	Step Block	(3.536, 0.249, 8.748)	(0.00, 90.00, 0.00)	(1.000, 1.000, 1.000)	(3.536, 0.349, 8.748)	(0.300, 0.200, 1.000)	BoxCollider enabled=True trigger=False
Pool Level/Steps/mv_step_block (4)	True	Step Block	(3.374, 0.447, 8.748)	(0.00, 90.00, 0.00)	(1.000, 1.000, 1.000)	(3.374, 0.547, 8.748)	(0.300, 0.200, 1.000)	BoxCollider enabled=True trigger=False
Pool Level/Steps/mv_step_block (5)	True	Step Block	(3.133, 0.631, 8.748)	(0.00, 90.00, 0.00)	(1.000, 1.000, 1.000)	(3.133, 0.731, 8.748)	(0.300, 0.200, 1.000)	BoxCollider enabled=True trigger=False
annex building/Floor/Floor 2x2	True	Floor 2x2	(10.000, -0.750, 11.250)	(0.00, 0.00, 0.00)	(1.000, 1.000, 1.000)	(10.000, -0.250, 11.250)	(2.000, 1.000, 2.000)	BoxCollider enabled=True trigger=False
annex building/Floor/Floor 2x2 (1)	True	Floor 2x2	(8.000, -0.750, 11.250)	(0.00, 0.00, 0.00)	(1.000, 1.000, 1.000)	(8.000, -0.250, 11.250)	(2.000, 1.000, 2.000)	BoxCollider enabled=True trigger=False
annex building/Floor/Floor 2x2 (2)	True	Floor 2x2	(6.000, -0.750, 11.250)	(0.00, 0.00, 0.00)	(1.000, 1.000, 1.000)	(6.000, -0.250, 11.250)	(2.000, 1.000, 2.000)	BoxCollider enabled=True trigger=False
annex building/Floor/Floor 2x2 (3)	True	Floor 2x2	(4.000, -0.750, 11.250)	(0.00, 0.00, 0.00)	(1.000, 1.000, 1.000)	(4.000, -0.250, 11.250)	(2.000, 1.000, 2.000)	BoxCollider enabled=True trigger=False
annex building/Floor/Floor 1x1	True	Floor 1x1	(11.500, -0.750, 10.750)	(0.00, 0.00, 0.00)	(1.000, 1.000, 1.000)	(11.500, -0.250, 10.750)	(1.000, 1.000, 1.000)	BoxCollider enabled=True trigger=False
annex building/Floor/Floor 1x1 (1)	True	Floor 1x1	(11.500, -0.750, 11.750)	(0.00, 0.00, 0.00)	(1.000, 1.000, 1.000)	(11.500, -0.250, 11.750)	(1.000, 1.000, 1.000)	BoxCollider enabled=True trigger=False
annex building/Floor/Floor 2x2 (4)	True	Floor 2x2	(10.000, -0.750, 13.250)	(0.00, 0.00, 0.00)	(1.000, 1.000, 1.000)	(10.000, -0.250, 13.250)	(2.000, 1.000, 2.000)	BoxCollider enabled=True trigger=False
annex building/Floor/Floor 2x2 (5)	True	Floor 2x2	(8.000, -0.750, 13.250)	(0.00, 0.00, 0.00)	(1.000, 1.000, 1.000)	(8.000, -0.250, 13.250)	(2.000, 1.000, 2.000)	BoxCollider enabled=True trigger=False
annex building/Floor/Floor 2x2 (6)	True	Floor 2x2	(6.000, -0.750, 13.250)	(0.00, 0.00, 0.00)	(1.000, 1.000, 1.000)	(6.000, -0.250, 13.250)	(2.000, 1.000, 2.000)	BoxCollider enabled=True trigger=False
annex building/Floor/Floor 2x2 (7)	True	Floor 2x2	(4.000, -0.750, 13.250)	(0.00, 0.00, 0.00)	(1.000, 1.000, 1.000)	(4.000, -0.250, 13.250)	(2.000, 1.000, 2.000)	BoxCollider enabled=True trigger=False
annex building/Floor/Floor 1x1 (2)	True	Floor 1x1	(11.500, -0.750, 12.750)	(0.00, 0.00, 0.00)	(1.000, 1.000, 1.000)	(11.500, -0.250, 12.750)	(1.000, 1.000, 1.000)	BoxCollider enabled=True trigger=False
annex building/Floor/Floor 1x1 (3)	True	Floor 1x1	(11.500, -0.750, 13.750)	(0.00, 0.00, 0.00)	(1.000, 1.000, 1.000)	(11.500, -0.250, 13.750)	(1.000, 1.000, 1.000)	BoxCollider enabled=True trigger=False
annex building/Floor/Floor 2x2 (8)	True	Floor 2x2	(10.000, -0.750, 15.250)	(0.00, 0.00, 0.00)	(1.000, 1.000, 1.000)	(10.000, -0.250, 15.250)	(2.000, 1.000, 2.000)	BoxCollider enabled=True trigger=False
annex building/Floor/Floor 2x2 (9)	True	Floor 2x2	(8.000, -0.750, 15.250)	(0.00, 0.00, 0.00)	(1.000, 1.000, 1.000)	(8.000, -0.250, 15.250)	(2.000, 1.000, 2.000)	BoxCollider enabled=True trigger=False
annex building/Floor/Floor 2x2 (10)	True	Floor 2x2	(6.000, -0.750, 15.250)	(0.00, 0.00, 0.00)	(1.000, 1.000, 1.000)	(6.000, -0.250, 15.250)	(2.000, 1.000, 2.000)	BoxCollider enabled=True trigger=False
annex building/Floor/Floor 2x2 (11)	True	Floor 2x2	(4.000, -0.750, 15.250)	(0.00, 0.00, 0.00)	(1.000, 1.000, 1.000)	(4.000, -0.250, 15.250)	(2.000, 1.000, 2.000)	BoxCollider enabled=True trigger=False
annex building/Floor/Floor 1x1 (4)	True	Floor 1x1	(11.500, -0.750, 14.750)	(0.00, 0.00, 0.00)	(1.000, 1.000, 1.000)	(11.500, -0.250, 14.750)	(1.000, 1.000, 1.000)	BoxCollider enabled=True trigger=False
annex building/Floor/Floor 1x1 (5)	True	Floor 1x1	(11.500, -0.750, 15.750)	(0.00, 0.00, 0.00)	(1.000, 1.000, 1.000)	(11.500, -0.250, 15.750)	(1.000, 1.000, 1.000)	BoxCollider enabled=True trigger=False
annex building/Floor/Floor 2x2 (12)	True	Floor 2x2	(10.000, -0.750, 17.250)	(0.00, 0.00, 0.00)	(1.000, 1.000, 1.000)	(10.000, -0.250, 17.250)	(2.000, 1.000, 2.000)	BoxCollider enabled=True trigger=False
annex building/Floor/Floor 2x2 (13)	True	Floor 2x2	(8.000, -0.750, 17.250)	(0.00, 0.00, 0.00)	(1.000, 1.000, 1.000)	(8.000, -0.250, 17.250)	(2.000, 1.000, 2.000)	BoxCollider enabled=True trigger=False
annex building/Floor/Floor 2x2 (14)	True	Floor 2x2	(6.000, -0.750, 17.250)	(0.00, 0.00, 0.00)	(1.000, 1.000, 1.000)	(6.000, -0.250, 17.250)	(2.000, 1.000, 2.000)	BoxCollider enabled=True trigger=False
annex building/Floor/Floor 2x2 (15)	True	Floor 2x2	(4.000, -0.750, 17.250)	(0.00, 0.00, 0.00)	(1.000, 1.000, 1.000)	(4.000, -0.250, 17.250)	(2.000, 1.000, 2.000)	BoxCollider enabled=True trigger=False
annex building/Floor/Floor 1x1 (6)	True	Floor 1x1	(11.500, -0.750, 16.750)	(0.00, 0.00, 0.00)	(1.000, 1.000, 1.000)	(11.500, -0.250, 16.750)	(1.000, 1.000, 1.000)	BoxCollider enabled=True trigger=False
annex building/Floor/Floor 1x1 (7)	True	Floor 1x1	(11.500, -0.750, 17.750)	(0.00, 0.00, 0.00)	(1.000, 1.000, 1.000)	(11.500, -0.250, 17.750)	(1.000, 1.000, 1.000)	BoxCollider enabled=True trigger=False
annex building/Floor/Floor 2x2 (16)	True	Floor 2x2	(10.000, -0.750, 19.250)	(0.00, 0.00, 0.00)	(1.000, 1.000, 1.000)	(10.000, -0.250, 19.250)	(2.000, 1.000, 2.000)	BoxCollider enabled=True trigger=False
annex building/Floor/Floor 2x2 (17)	True	Floor 2x2	(8.000, -0.750, 19.250)	(0.00, 0.00, 0.00)	(1.000, 1.000, 1.000)	(8.000, -0.250, 19.250)	(2.000, 1.000, 2.000)	BoxCollider enabled=True trigger=False
annex building/Floor/Floor 2x2 (18)	True	Floor 2x2	(6.000, -0.750, 19.250)	(0.00, 0.00, 0.00)	(1.000, 1.000, 1.000)	(6.000, -0.250, 19.250)	(2.000, 1.000, 2.000)	BoxCollider enabled=True trigger=False
annex building/Floor/Floor 2x2 (19)	True	Floor 2x2	(4.000, -0.750, 19.250)	(0.00, 0.00, 0.00)	(1.000, 1.000, 1.000)	(4.000, -0.250, 19.250)	(2.000, 1.000, 2.000)	BoxCollider enabled=True trigger=False
annex building/Floor/Floor 1x1 (8)	True	Floor 1x1	(11.500, -0.750, 18.750)	(0.00, 0.00, 0.00)	(1.000, 1.000, 1.000)	(11.500, -0.250, 18.750)	(1.000, 1.000, 1.000)	BoxCollider enabled=True trigger=False
annex building/Floor/Floor 1x1 (9)	True	Floor 1x1	(11.500, -0.750, 19.750)	(0.00, 0.00, 0.00)	(1.000, 1.000, 1.000)	(11.500, -0.250, 19.750)	(1.000, 1.000, 1.000)	BoxCollider enabled=True trigger=False
annex building/Floor/Floor 2x2 (20)	True	Floor 2x2	(10.000, -0.750, 21.250)	(0.00, 0.00, 0.00)	(1.000, 1.000, 1.000)	(10.000, -0.250, 21.250)	(2.000, 1.000, 2.000)	BoxCollider enabled=True trigger=False
annex building/Floor/Floor 2x2 (21)	True	Floor 2x2	(8.000, -0.750, 21.250)	(0.00, 0.00, 0.00)	(1.000, 1.000, 1.000)	(8.000, -0.250, 21.250)	(2.000, 1.000, 2.000)	BoxCollider enabled=True trigger=False
annex building/Floor/Floor 2x2 (22)	True	Floor 2x2	(6.000, -0.750, 21.250)	(0.00, 0.00, 0.00)	(1.000, 1.000, 1.000)	(6.000, -0.250, 21.250)	(2.000, 1.000, 2.000)	BoxCollider enabled=True trigger=False
annex building/Floor/Floor 2x2 (23)	True	Floor 2x2	(4.000, -0.750, 21.250)	(0.00, 0.00, 0.00)	(1.000, 1.000, 1.000)	(4.000, -0.250, 21.250)	(2.000, 1.000, 2.000)	BoxCollider enabled=True trigger=False
annex building/Floor/Floor 1x1 (10)	True	Floor 1x1	(11.500, -0.750, 20.750)	(0.00, 0.00, 0.00)	(1.000, 1.000, 1.000)	(11.500, -0.250, 20.750)	(1.000, 1.000, 1.000)	BoxCollider enabled=True trigger=False
annex building/Floor/Floor 1x1 (11)	True	Floor 1x1	(11.500, -0.750, 21.750)	(0.00, 0.00, 0.00)	(1.000, 1.000, 1.000)	(11.500, -0.250, 21.750)	(1.000, 1.000, 1.000)	BoxCollider enabled=True trigger=False
annex building/Floor/Floor 2x2 (12)	True	Floor 2x2	(6.000, -0.750, 9.250)	(0.00, 0.00, 0.00)	(1.000, 1.000, 1.000)	(6.000, -0.250, 9.250)	(2.000, 1.000, 2.000)	BoxCollider enabled=True trigger=False
annex building/Floor/Floor 2x2 (13)	True	Floor 2x2	(4.000, -0.750, 9.250)	(0.00, 0.00, 0.00)	(1.000, 1.000, 1.000)	(4.000, -0.250, 9.250)	(2.000, 1.000, 2.000)	BoxCollider enabled=True trigger=False
annex building/Floor/Floor 2x2 (14)	True	Floor 2x2	(11.000, -0.750, 9.250)	(0.00, 0.00, 0.00)	(1.000, 1.000, 1.000)	(11.000, -0.250, 9.250)	(2.000, 1.000, 2.000)	BoxCollider enabled=True trigger=False
annex building/Floor/Floor 2x2 (15)	True	Floor 2x2	(9.000, -0.750, 9.250)	(0.00, 0.00, 0.00)	(1.000, 1.000, 1.000)	(9.000, -0.250, 9.250)	(2.000, 1.000, 2.000)	BoxCollider enabled=True trigger=False
annex building/Floor/Floor 1x1 (6)	True	Floor 1x1	(7.500, -0.750, 7.750)	(0.00, 0.00, 0.00)	(1.000, 1.000, 1.000)	(7.500, -0.250, 7.750)	(1.000, 1.000, 1.000)	BoxCollider enabled=True trigger=False
annex building/Floor/Floor 1x1 (7)	True	Floor 1x1	(7.500, -0.750, 8.750)	(0.00, 0.00, 0.00)	(1.000, 1.000, 1.000)	(7.500, -0.250, 8.750)	(1.000, 1.000, 1.000)	BoxCollider enabled=True trigger=False
annex building/Floor/Floor 1x1 (12)	True	Floor 1x1	(7.500, -0.750, 9.750)	(0.00, 0.00, 0.00)	(1.000, 1.000, 1.000)	(7.500, -0.250, 9.750)	(1.000, 1.000, 1.000)	BoxCollider enabled=True trigger=False
annex building/Floor/Floor 1x1 (13)	True	Floor 1x1	(8.500, -0.750, 7.750)	(0.00, 0.00, 0.00)	(1.000, 1.000, 1.000)	(8.500, -0.250, 7.750)	(1.000, 1.000, 1.000)	BoxCollider enabled=True trigger=False
annex building/Floor/Floor 1x1 (14)	True	Floor 1x1	(8.500, -0.750, 7.750)	(0.00, 0.00, 0.00)	(1.000, 1.000, 1.000)	(8.500, -0.250, 7.750)	(1.000, 1.000, 1.000)	BoxCollider enabled=True trigger=False
annex building/Floor/Floor 1x1 (15)	True	Floor 1x1	(9.500, -0.750, 7.750)	(0.00, 0.00, 0.00)	(1.000, 1.000, 1.000)	(9.500, -0.250, 7.750)	(1.000, 1.000, 1.000)	BoxCollider enabled=True trigger=False
annex building/Floor/Floor 1x1 (16)	True	Floor 1x1	(10.500, -0.750, 7.750)	(0.00, 0.00, 0.00)	(1.000, 1.000, 1.000)	(10.500, -0.250, 7.750)	(1.000, 1.000, 1.000)	BoxCollider enabled=True trigger=False
annex building/Floor/Floor 1x1 (17)	True	Floor 1x1	(11.500, -0.750, 7.750)	(0.00, 0.00, 0.00)	(1.000, 1.000, 1.000)	(11.500, -0.250, 7.750)	(1.000, 1.000, 1.000)	BoxCollider enabled=True trigger=False
annex building/Floor/Floor 1x1 (18)	True	Floor 1x1	(4.500, -0.750, 7.750)	(0.00, 0.00, 0.00)	(1.000, 1.000, 1.000)	(4.500, -0.250, 7.750)	(1.000, 1.000, 1.000)	BoxCollider enabled=True trigger=False
annex building/Floor/Floor 1x1 (19)	True	Floor 1x1	(5.500, -0.750, 7.750)	(0.00, 0.00, 0.00)	(1.000, 1.000, 1.000)	(5.500, -0.250, 7.750)	(1.000, 1.000, 1.000)	BoxCollider enabled=True trigger=False
annex building/Floor/Floor 1x1 (20)	True	Floor 1x1	(6.500, -0.750, 7.750)	(0.00, 0.00, 0.00)	(1.000, 1.000, 1.000)	(6.500, -0.250, 7.750)	(1.000, 1.000, 1.000)	BoxCollider enabled=True trigger=False
annex building/Floor/Floor 1x1 (21)	True	Floor 1x1	(3.500, -0.750, 7.750)	(0.00, 0.00, 0.00)	(1.000, 1.000, 1.000)	(3.500, -0.250, 7.750)	(1.000, 1.000, 1.000)	BoxCollider enabled=True trigger=False
annex building/Ground Level/stairs	True	stairs	(3.250, 0.250, 13.000)	(0.00, 90.00, 0.00)	(1.000, 1.000, 1.000)	(3.750, 1.571, 14.750)	(1.000, 2.650, 3.500)	MeshCollider enabled=True trigger=False
annex building/Level 1/Objects/mv_roof_lamp	True	lamp	(6.250, 5.081, 11.750)	(0.00, 0.00, 0.00)	(1.000, 1.000, 1.000)	(6.250, 4.998, 11.750)	(0.410, 0.165, 0.410)	MeshCollider enabled=True trigger=False
annex building/roof 1/Roof 2x2	True	Roof 2x2	(7.140, 2.750, 10.750)	(0.00, 0.00, 0.00)	(1.000, 1.000, 1.000)	(6.140, 2.900, 11.750)	(2.000, 0.300, 2.000)	BoxCollider enabled=True trigger=False
annex building/roof 1/Roof 2x2 side	True	Roof 2x2 side	(5.140, 2.750, 10.750)	(0.00, 0.00, 0.00)	(1.000, 1.000, 1.000)	(4.090, 2.900, 11.750)	(2.100, 0.300, 2.000)	BoxCollider enabled=True trigger=False
annex building/roof 1/Roof 2x2 side (1)	True	Roof 2x2 side	(9.140, 2.750, 12.750)	(0.00, 180.00, 0.00)	(1.000, 1.000, 1.000)	(10.190, 2.900, 11.750)	(2.100, 0.300, 2.000)	BoxCollider enabled=True trigger=False
annex building/roof 1/Roof 2x2 side (2)	True	Roof 2x2 side	(7.140, 2.750, 10.750)	(0.00, 270.00, 0.00)	(1.000, 1.000, 1.000)	(6.140, 2.900, 9.700)	(2.000, 0.300, 2.100)	BoxCollider enabled=True trigger=False
annex building/roof 1/Roof 2x2 corner	True	Roof 2x2 corner	(5.140, 2.750, 10.750)	(0.00, 270.00, 0.00)	(1.000, 1.000, 1.000)	(4.090, 2.900, 9.700)	(2.100, 0.300, 2.100)	BoxCollider enabled=True trigger=False
annex building/roof 1/Roof 2x2 corner (1)	True	Roof 2x2 corner	(9.140, 2.750, 10.750)	(0.00, 180.00, 0.00)	(1.000, 1.000, 1.000)	(10.190, 2.900, 9.700)	(2.100, 0.300, 2.100)	BoxCollider enabled=True trigger=False
annex building/roof 1/Roof 2x2 (1)	True	Roof 2x2	(7.140, 2.750, 12.750)	(0.00, 0.00, 0.00)	(1.000, 1.000, 1.000)	(6.140, 2.900, 13.750)	(2.000, 0.300, 2.000)	BoxCollider enabled=True trigger=False
annex building/roof 1/Roof 2x2 side (4)	True	Roof 2x2 side	(9.140, 2.750, 14.750)	(0.00, 180.00, 0.00)	(1.000, 1.000, 1.000)	(10.190, 2.900, 13.750)	(2.100, 0.300, 2.000)	BoxCollider enabled=True trigger=False
annex building/roof 1/Roof 2x2 side (6)	True	Roof 2x2 side	(9.140, 2.750, 16.750)	(0.00, 180.00, 0.00)	(1.000, 1.000, 1.000)	(10.190, 2.900, 15.750)	(2.100, 0.300, 2.000)	BoxCollider enabled=True trigger=False
annex building/roof 1/Roof 2x2 (3)	True	Roof 2x2	(7.140, 2.750, 16.750)	(0.00, 0.00, 0.00)	(1.000, 1.000, 1.000)	(6.140, 2.900, 17.750)	(2.000, 0.300, 2.000)	BoxCollider enabled=True trigger=False
annex building/roof 1/Roof 2x2 side (7)	True	Roof 2x2 side	(5.140, 2.750, 16.750)	(0.00, 0.00, 0.00)	(1.000, 1.000, 1.000)	(4.090, 2.900, 17.750)	(2.100, 0.300, 2.000)	BoxCollider enabled=True trigger=False
annex building/roof 1/Roof 2x2 side (8)	True	Roof 2x2 side	(9.140, 2.750, 18.750)	(0.00, 180.00, 0.00)	(1.000, 1.000, 1.000)	(10.190, 2.900, 17.750)	(2.100, 0.300, 2.000)	BoxCollider enabled=True trigger=False
annex building/roof 1/Roof 2x2 (4)	True	Roof 2x2	(7.140, 2.750, 18.750)	(0.00, 0.00, 0.00)	(1.000, 1.000, 1.000)	(6.140, 2.900, 19.750)	(2.000, 0.300, 2.000)	BoxCollider enabled=True trigger=False
annex building/roof 1/Roof 2x2 side (9)	True	Roof 2x2 side	(5.140, 2.750, 18.750)	(0.00, 0.00, 0.00)	(1.000, 1.000, 1.000)	(4.090, 2.900, 19.750)	(2.100, 0.300, 2.000)	BoxCollider enabled=True trigger=False
annex building/roof 1/Roof 2x2 side (10)	True	Roof 2x2 side	(9.156, 2.765, 20.750)	(0.00, 180.00, 0.00)	(1.000, 1.000, 1.000)	(10.206, 2.915, 19.750)	(2.100, 0.300, 2.000)	BoxCollider enabled=True trigger=False
annex building/roof 1/Roof 2x2 side (11)	True	Roof 2x2 side	(5.140, 2.750, 22.750)	(0.00, 90.00, 0.00)	(1.000, 1.000, 1.000)	(6.140, 2.900, 23.800)	(2.000, 0.300, 2.100)	BoxCollider enabled=True trigger=False
annex building/roof 1/Roof 2x2 corner (2)	True	Roof 2x2 corner	(5.140, 2.750, 22.750)	(0.00, 0.00, 0.00)	(1.000, 1.000, 1.000)	(4.090, 2.900, 23.800)	(2.100, 0.300, 2.100)	BoxCollider enabled=True trigger=False
annex building/roof 1/Roof 2x2 corner (3)	True	Roof 2x2 corner	(9.140, 2.750, 22.750)	(0.00, 90.00, 0.00)	(1.000, 1.000, 1.000)	(10.190, 2.900, 23.800)	(2.100, 0.300, 2.100)	BoxCollider enabled=True trigger=False
annex building/roof 1/Roof 2x2 (5)	True	Roof 2x2	(9.140, 2.750, 10.750)	(0.00, 0.00, 0.00)	(1.000, 1.000, 1.000)	(8.140, 2.900, 11.750)	(2.000, 0.300, 2.000)	BoxCollider enabled=True trigger=False
annex building/roof 1/Roof 2x2 side (12)	True	Roof 2x2 side	(9.140, 2.750, 10.750)	(0.00, 270.00, 0.00)	(1.000, 1.000, 1.000)	(8.140, 2.900, 9.700)	(2.000, 0.300, 2.100)	BoxCollider enabled=True trigger=False
annex building/roof 1/Roof 2x2 (6)	True	Roof 2x2	(9.140, 2.750, 12.750)	(0.00, 0.00, 0.00)	(1.000, 1.000, 1.000)	(8.140, 2.900, 13.750)	(2.000, 0.300, 2.000)	BoxCollider enabled=True trigger=False
annex building/roof 1/Roof 2x2 (7)	True	Roof 2x2	(9.140, 2.750, 14.750)	(0.00, 0.00, 0.00)	(1.000, 1.000, 1.000)	(8.140, 2.900, 15.750)	(2.000, 0.300, 2.000)	BoxCollider enabled=True trigger=False
annex building/roof 1/Roof 2x2 (8)	True	Roof 2x2	(9.140, 2.750, 16.750)	(0.00, 0.00, 0.00)	(1.000, 1.000, 1.000)	(8.140, 2.900, 17.750)	(2.000, 0.300, 2.000)	BoxCollider enabled=True trigger=False
annex building/roof 1/Roof 2x2 (9)	True	Roof 2x2	(9.140, 2.750, 18.750)	(0.00, 0.00, 0.00)	(1.000, 1.000, 1.000)	(8.140, 2.900, 19.750)	(2.000, 0.300, 2.000)	BoxCollider enabled=True trigger=False
annex building/roof 1/Roof 2x2 side (13)	True	Roof 2x2 side	(7.140, 2.750, 22.750)	(0.00, 90.00, 0.00)	(1.000, 1.000, 1.000)	(8.140, 2.900, 23.800)	(2.000, 0.300, 2.100)	BoxCollider enabled=True trigger=False
annex building/roof 1/Roof 2x2 (10)	True	Roof 2x2	(7.140, 2.750, 20.750)	(0.00, 0.00, 0.00)	(1.000, 1.000, 1.000)	(6.140, 2.900, 21.750)	(2.000, 0.300, 2.000)	BoxCollider enabled=True trigger=False
annex building/roof 1/Roof 2x2 side (14)	True	Roof 2x2 side	(5.140, 2.750, 20.750)	(0.00, 0.00, 0.00)	(1.000, 1.000, 1.000)	(4.090, 2.900, 21.750)	(2.100, 0.300, 2.000)	BoxCollider enabled=True trigger=False
annex building/roof 1/Roof 2x2 side (15)	True	Roof 2x2 side	(9.140, 2.750, 22.750)	(0.00, 180.00, 0.00)	(1.000, 1.000, 1.000)	(10.190, 2.900, 21.750)	(2.100, 0.300, 2.000)	BoxCollider enabled=True trigger=False
annex building/roof 1/Roof 2x2 (12)	True	Roof 2x2	(7.140, 2.750, 14.750)	(0.00, 0.00, 0.00)	(1.000, 1.000, 1.000)	(6.140, 2.900, 15.750)	(2.000, 0.300, 2.000)	BoxCollider enabled=True trigger=False
annex building/roof 1/Roof 2x2 (11)	True	Roof 2x2	(9.140, 2.750, 20.750)	(0.00, 0.00, 0.00)	(1.000, 1.000, 1.000)	(8.140, 2.900, 21.750)	(2.000, 0.300, 2.000)	BoxCollider enabled=True trigger=False
annex building/roof 1/Roof .2x.2	True	Roof .2x1	(3.160, 2.750, 12.750)	(0.00, 90.00, 0.00)	(1.000, 1.000, 1.000)	(3.275, 2.900, 13.250)	(0.230, 0.300, 1.000)	BoxCollider enabled=True trigger=False
annex building/roof 1/Roof .2x.2 (1)	True	Roof .2x1	(3.160, 2.750, 13.750)	(0.00, 90.00, 0.00)	(1.000, 1.000, 1.000)	(3.275, 2.900, 14.250)	(0.230, 0.300, 1.000)	BoxCollider enabled=True trigger=False
annex building/roof 1/Roof .2x.2 (2)	True	Roof .2x1	(3.160, 2.750, 14.750)	(0.00, 90.00, 0.00)	(1.000, 1.000, 1.000)	(3.275, 2.900, 15.250)	(0.230, 0.300, 1.000)	BoxCollider enabled=True trigger=False
annex building/roof 1/Roof .2x.2 (3)	True	Roof .2x1	(3.160, 2.750, 15.750)	(0.00, 90.00, 0.00)	(1.000, 1.000, 1.000)	(3.275, 2.900, 16.250)	(0.230, 0.300, 1.000)	BoxCollider enabled=True trigger=False
annex building/roof 2/Roof 2x2	True	Roof 2x2	(7.250, 5.500, 11.000)	(0.00, 0.00, 0.00)	(1.000, 1.000, 1.000)	(6.250, 5.650, 12.000)	(2.000, 0.300, 2.000)	BoxCollider enabled=True trigger=False
annex building/roof 2/Roof 2x2 side	True	Roof 2x2 side	(5.250, 5.500, 11.000)	(0.00, 0.00, 0.00)	(1.000, 1.000, 1.000)	(4.200, 5.650, 12.000)	(2.100, 0.300, 2.000)	BoxCollider enabled=True trigger=False
annex building/roof 2/Roof 2x2 side (1)	True	Roof 2x2 side	(9.250, 5.500, 13.000)	(0.00, 180.00, 0.00)	(1.000, 1.000, 1.000)	(10.300, 5.650, 12.000)	(2.100, 0.300, 2.000)	BoxCollider enabled=True trigger=False
annex building/roof 2/Roof 2x2 side (2)	True	Roof 2x2 side	(7.250, 5.500, 11.000)	(0.00, 270.00, 0.00)	(1.000, 1.000, 1.000)	(6.250, 5.650, 9.950)	(2.000, 0.300, 2.100)	BoxCollider enabled=True trigger=False
annex building/roof 2/Roof 2x2 corner	True	Roof 2x2 corner	(5.250, 5.500, 11.000)	(0.00, 270.00, 0.00)	(1.000, 1.000, 1.000)	(4.200, 5.650, 9.950)	(2.100, 0.300, 2.100)	BoxCollider enabled=True trigger=False
annex building/roof 2/Roof 2x2 corner (1)	True	Roof 2x2 corner	(9.250, 5.500, 11.000)	(0.00, 180.00, 0.00)	(1.000, 1.000, 1.000)	(10.300, 5.650, 9.950)	(2.100, 0.300, 2.100)	BoxCollider enabled=True trigger=False
annex building/roof 2/Roof 2x2 (1)	True	Roof 2x2	(7.250, 5.500, 13.000)	(0.00, 0.00, 0.00)	(1.000, 1.000, 1.000)	(6.250, 5.650, 14.000)	(2.000, 0.300, 2.000)	BoxCollider enabled=True trigger=False
annex building/roof 2/Roof 2x2 side (3)	True	Roof 2x2 side	(5.250, 5.500, 13.000)	(0.00, 0.00, 0.00)	(1.000, 1.000, 1.000)	(4.200, 5.650, 14.000)	(2.100, 0.300, 2.000)	BoxCollider enabled=True trigger=False
annex building/roof 2/Roof 2x2 side (4)	True	Roof 2x2 side	(9.250, 5.500, 15.000)	(0.00, 180.00, 0.00)	(1.000, 1.000, 1.000)	(10.300, 5.650, 14.000)	(2.100, 0.300, 2.000)	BoxCollider enabled=True trigger=False
annex building/roof 2/Roof 2x2 (2)	True	Roof 2x2	(7.250, 5.500, 15.000)	(0.00, 0.00, 0.00)	(1.000, 1.000, 1.000)	(6.250, 5.650, 16.000)	(2.000, 0.300, 2.000)	BoxCollider enabled=True trigger=False
annex building/roof 2/Roof 2x2 side (5)	True	Roof 2x2 side	(5.250, 5.500, 15.000)	(0.00, 0.00, 0.00)	(1.000, 1.000, 1.000)	(4.200, 5.650, 16.000)	(2.100, 0.300, 2.000)	BoxCollider enabled=True trigger=False
annex building/roof 2/Roof 2x2 side (6)	True	Roof 2x2 side	(9.250, 5.500, 17.000)	(0.00, 180.00, 0.00)	(1.000, 1.000, 1.000)	(10.300, 5.650, 16.000)	(2.100, 0.300, 2.000)	BoxCollider enabled=True trigger=False
annex building/roof 2/Roof 2x2 (3)	True	Roof 2x2	(7.250, 5.500, 17.000)	(0.00, 0.00, 0.00)	(1.000, 1.000, 1.000)	(6.250, 5.650, 18.000)	(2.000, 0.300, 2.000)	BoxCollider enabled=True trigger=False
annex building/roof 2/Roof 2x2 side (7)	True	Roof 2x2 side	(5.250, 5.500, 17.000)	(0.00, 0.00, 0.00)	(1.000, 1.000, 1.000)	(4.200, 5.650, 18.000)	(2.100, 0.300, 2.000)	BoxCollider enabled=True trigger=False
annex building/roof 2/Roof 2x2 side (8)	True	Roof 2x2 side	(9.250, 5.500, 19.000)	(0.00, 180.00, 0.00)	(1.000, 1.000, 1.000)	(10.300, 5.650, 18.000)	(2.100, 0.300, 2.000)	BoxCollider enabled=True trigger=False
annex building/roof 2/Roof 2x2 (4)	True	Roof 2x2	(7.250, 5.500, 19.000)	(0.00, 0.00, 0.00)	(1.000, 1.000, 1.000)	(6.250, 5.650, 20.000)	(2.000, 0.300, 2.000)	BoxCollider enabled=True trigger=False
annex building/roof 2/Roof 2x2 side (9)	True	Roof 2x2 side	(5.250, 5.500, 19.000)	(0.00, 0.00, 0.00)	(1.000, 1.000, 1.000)	(4.200, 5.650, 20.000)	(2.100, 0.300, 2.000)	BoxCollider enabled=True trigger=False
annex building/roof 2/Roof 2x2 side (10)	True	Roof 2x2 side	(9.250, 5.500, 21.000)	(0.00, 180.00, 0.00)	(1.000, 1.000, 1.000)	(10.300, 5.650, 20.000)	(2.100, 0.300, 2.000)	BoxCollider enabled=True trigger=False
annex building/roof 2/Roof 2x2 side (11)	True	Roof 2x2 side	(5.250, 5.500, 21.000)	(0.00, 90.00, 0.00)	(1.000, 1.000, 1.000)	(6.250, 5.650, 22.050)	(2.000, 0.300, 2.100)	BoxCollider enabled=True trigger=False
annex building/roof 2/Roof 2x2 corner (2)	True	Roof 2x2 corner	(5.250, 5.500, 21.000)	(0.00, 0.00, 0.00)	(1.000, 1.000, 1.000)	(4.200, 5.650, 22.050)	(2.100, 0.300, 2.100)	BoxCollider enabled=True trigger=False
annex building/roof 2/Roof 2x2 corner (3)	True	Roof 2x2 corner	(9.250, 5.500, 21.000)	(0.00, 90.00, 0.00)	(1.000, 1.000, 1.000)	(10.300, 5.650, 22.050)	(2.100, 0.300, 2.100)	BoxCollider enabled=True trigger=False
annex building/roof 2/Roof 2x2 (5)	True	Roof 2x2	(9.250, 5.500, 11.000)	(0.00, 0.00, 0.00)	(1.000, 1.000, 1.000)	(8.250, 5.650, 12.000)	(2.000, 0.300, 2.000)	BoxCollider enabled=True trigger=False
annex building/roof 2/Roof 2x2 side (12)	True	Roof 2x2 side	(9.250, 5.500, 11.000)	(0.00, 270.00, 0.00)	(1.000, 1.000, 1.000)	(8.250, 5.650, 9.950)	(2.000, 0.300, 2.100)	BoxCollider enabled=True trigger=False
annex building/roof 2/Roof 2x2 (6)	True	Roof 2x2	(9.250, 5.500, 13.000)	(0.00, 0.00, 0.00)	(1.000, 1.000, 1.000)	(8.250, 5.650, 14.000)	(2.000, 0.300, 2.000)	BoxCollider enabled=True trigger=False
annex building/roof 2/Roof 2x2 (7)	True	Roof 2x2	(9.250, 5.500, 15.000)	(0.00, 0.00, 0.00)	(1.000, 1.000, 1.000)	(8.250, 5.650, 16.000)	(2.000, 0.300, 2.000)	BoxCollider enabled=True trigger=False
annex building/roof 2/Roof 2x2 (8)	True	Roof 2x2	(9.250, 5.500, 17.000)	(0.00, 0.00, 0.00)	(1.000, 1.000, 1.000)	(8.250, 5.650, 18.000)	(2.000, 0.300, 2.000)	BoxCollider enabled=True trigger=False
annex building/roof 2/Roof 2x2 (9)	True	Roof 2x2	(9.250, 5.500, 19.000)	(0.00, 0.00, 0.00)	(1.000, 1.000, 1.000)	(8.250, 5.650, 20.000)	(2.000, 0.300, 2.000)	BoxCollider enabled=True trigger=False
annex building/roof 2/Roof 2x2 side (13)	True	Roof 2x2 side	(7.250, 5.500, 21.000)	(0.00, 90.00, 0.00)	(1.000, 1.000, 1.000)	(8.250, 5.650, 22.050)	(2.000, 0.300, 2.100)	BoxCollider enabled=True trigger=False
Backyard/Pool back/Pool2/Floor/Floor 2x2	True	Floor 2x2	(0.000, -0.750, 21.500)	(0.00, 0.00, 0.00)	(1.000, 1.000, 1.000)	(0.000, -0.250, 21.500)	(2.000, 1.000, 2.000)	BoxCollider enabled=True trigger=False
Backyard/Pool back/Pool2/Floor/Floor 2x2 (1)	True	Floor 2x2	(0.000, -0.750, 29.500)	(0.00, 0.00, 0.00)	(1.000, 1.000, 1.000)	(0.000, -0.250, 29.500)	(2.000, 1.000, 2.000)	BoxCollider enabled=True trigger=False
Backyard/Pool back/Pool2/Floor/Floor 2x2 (2)	True	Floor 2x2	(0.000, -0.750, 23.500)	(0.00, 0.00, 0.00)	(1.000, 1.000, 1.000)	(0.000, -0.250, 23.500)	(2.000, 1.000, 2.000)	BoxCollider enabled=True trigger=False
Backyard/Pool back/Pool2/Floor/Floor 2x2 (3)	True	Floor 2x2	(-2.000, -0.750, 21.500)	(0.00, 0.00, 0.00)	(1.000, 1.000, 1.000)	(-2.000, -0.250, 21.500)	(2.000, 1.000, 2.000)	BoxCollider enabled=True trigger=False
Backyard/Pool back/Pool2/Floor/Floor 2x2 (4)	True	Floor 2x2	(-4.000, -0.750, 21.500)	(0.00, 0.00, 0.00)	(1.000, 1.000, 1.000)	(-4.000, -0.250, 21.500)	(2.000, 1.000, 2.000)	BoxCollider enabled=True trigger=False
Backyard/Pool back/Pool2/Floor/Floor 2x2 (5)	True	Floor 2x2	(-6.000, -0.750, 21.500)	(0.00, 0.00, 0.00)	(1.000, 1.000, 1.000)	(-6.000, -0.250, 21.500)	(2.000, 1.000, 2.000)	BoxCollider enabled=True trigger=False
Backyard/Pool back/Pool2/Floor/Floor 2x2 (6)	True	Floor 2x2	(-8.000, -0.750, 21.500)	(0.00, 0.00, 0.00)	(1.000, 1.000, 1.000)	(-8.000, -0.250, 21.500)	(2.000, 1.000, 2.000)	BoxCollider enabled=True trigger=False
Backyard/Pool back/Pool2/Floor/Floor 2x2 (7)	True	Floor 2x2	(-10.000, -0.750, 21.500)	(0.00, 0.00, 0.00)	(1.000, 1.000, 1.000)	(-10.000, -0.250, 21.500)	(2.000, 1.000, 2.000)	BoxCollider enabled=True trigger=False
Backyard/Pool back/Pool2/Floor/Floor 2x2 (8)	True	Floor 2x2	(-12.000, -0.750, 21.500)	(0.00, 0.00, 0.00)	(1.000, 1.000, 1.000)	(-12.000, -0.250, 21.500)	(2.000, 1.000, 2.000)	BoxCollider enabled=True trigger=False
Backyard/Pool back/Pool2/Floor/Floor 2x2 side	True	Floor 2x2 side	(-13.500, -0.750, 21.500)	(0.00, 0.00, 0.00)	(1.000, 1.000, 1.000)	(-13.500, -0.250, 21.500)	(2.000, 1.000, 2.000)	BoxCollider enabled=True trigger=False
Backyard/Pool back/Pool2/Floor/Floor 1x1 side	True	Floor 1x1 side	(-14.500, -0.750, 23.000)	(0.00, 0.00, 0.00)	(1.000, 1.000, 1.000)	(-14.501, -0.250, 23.000)	(1.000, 1.000, 1.000)	BoxCollider enabled=True trigger=False
Backyard/Pool back/Pool2/Floor/Floor 1x1 side (1)	True	Floor 1x1 side	(-14.500, -0.750, 24.000)	(0.00, 0.00, 0.00)	(1.000, 1.000, 1.000)	(-14.501, -0.250, 24.000)	(1.000, 1.000, 1.000)	BoxCollider enabled=True trigger=False
Backyard/Pool back/Pool2/Floor/Floor 1x1 side (2)	True	Floor 1x1 side	(-14.500, -0.750, 25.000)	(0.00, 0.00, 0.00)	(1.000, 1.000, 1.000)	(-14.501, -0.250, 25.000)	(1.000, 1.000, 1.000)	BoxCollider enabled=True trigger=False
Backyard/Pool back/Pool2/Floor/Floor 1x1 side (3)	True	Floor 1x1 side	(-14.500, -0.750, 26.000)	(0.00, 0.00, 0.00)	(1.000, 1.000, 1.000)	(-14.501, -0.250, 26.000)	(1.000, 1.000, 1.000)	BoxCollider enabled=True trigger=False
Backyard/Pool back/Pool2/Floor/Floor 1x1 side (4)	True	Floor 1x1 side	(-14.500, -0.750, 27.000)	(0.00, 0.00, 0.00)	(1.000, 1.000, 1.000)	(-14.501, -0.250, 27.000)	(1.000, 1.000, 1.000)	BoxCollider enabled=True trigger=False
Backyard/Pool back/Pool2/Floor/Floor 1x1 side (5)	True	Floor 1x1 side	(-14.500, -0.750, 28.000)	(0.00, 0.00, 0.00)	(1.000, 1.000, 1.000)	(-14.501, -0.250, 28.000)	(1.000, 1.000, 1.000)	BoxCollider enabled=True trigger=False
Backyard/Pool back/Pool2/Floor/Floor 1x1 side (6)	True	Floor 1x1 side	(-14.500, -0.750, 29.000)	(0.00, 0.00, 0.00)	(1.000, 1.000, 1.000)	(-14.501, -0.250, 29.000)	(1.000, 1.000, 1.000)	BoxCollider enabled=True trigger=False
Backyard/Pool back/Pool2/Floor/Floor 1x1 side (7)	True	Floor 1x1 side	(-14.500, -0.750, 30.000)	(0.00, 0.00, 0.00)	(1.000, 1.000, 1.000)	(-14.501, -0.250, 30.000)	(1.000, 1.000, 1.000)	BoxCollider enabled=True trigger=False
Backyard/Pool back/Pool2/Swimming Pool Steps	True	Swimming Pool Steps	(0.000, -0.750, 26.500)	(0.00, 0.00, 0.00)	(1.000, 1.000, 1.000)	(-0.002, -0.250, 26.500)	(3.000, 1.000, 3.998)	MeshCollider enabled=True trigger=False
Backyard/Pool back/Pool2/Swimming Pool Steps/Swimming Pool Steps Floor	True	Swimming Pool Steps Floor	(0.000, -0.750, 26.500)	(0.00, 0.00, 0.00)	(1.000, 1.000, 1.000)	(-0.476, -0.240, 26.500)	(2.052, 1.020, 3.998)	
Backyard/Floor 2/objects/mv_step_block	True	Step Block	(2.071, 0.000, 11.631)	(0.00, 0.00, 0.00)	(1.000, 1.000, 1.000)	(2.071, 0.100, 11.631)	(1.000, 0.200, 0.300)	BoxCollider enabled=True trigger=False
Backyard/Floor 2/objects/mv_step_block (1)	True	Step Block	(2.071, 0.130, 11.355)	(0.00, 0.00, 0.00)	(1.000, 1.000, 1.000)	(2.071, 0.230, 11.355)	(1.000, 0.200, 0.300)	BoxCollider enabled=True trigger=False
Backyard/Floor 2/objects/mv_step_block (2)	True	Step Block	(2.071, 0.284, 11.105)	(0.00, 0.00, 0.00)	(1.000, 1.000, 1.000)	(2.071, 0.384, 11.105)	(1.000, 0.200, 0.300)	BoxCollider enabled=True trigger=False
Backyard/Floor 2/objects/mv_step_block (3)	True	Step Block	(2.071, 0.455, 10.881)	(0.00, 0.00, 0.00)	(1.000, 1.000, 1.000)	(2.071, 0.555, 10.881)	(1.000, 0.200, 0.300)	BoxCollider enabled=True trigger=False
Backyard/Floor 2/objects/mv_step_block (4)	True	Step Block	(1.071, 0.000, 11.631)	(0.00, 0.00, 0.00)	(1.000, 1.000, 1.000)	(1.071, 0.100, 11.631)	(1.000, 0.200, 0.300)	BoxCollider enabled=True trigger=False
Backyard/Floor 2/objects/mv_step_block (5)	True	Step Block	(1.071, 0.130, 11.355)	(0.00, 0.00, 0.00)	(1.000, 1.000, 1.000)	(1.071, 0.230, 11.355)	(1.000, 0.200, 0.300)	BoxCollider enabled=True trigger=False
Backyard/Floor 2/objects/mv_step_block (6)	True	Step Block	(1.071, 0.284, 11.105)	(0.00, 0.00, 0.00)	(1.000, 1.000, 1.000)	(1.071, 0.384, 11.105)	(1.000, 0.200, 0.300)	BoxCollider enabled=True trigger=False
Backyard/Floor 2/objects/mv_step_block (7)	True	Step Block	(1.071, 0.455, 10.881)	(0.00, 0.00, 0.00)	(1.000, 1.000, 1.000)	(1.071, 0.555, 10.881)	(1.000, 0.200, 0.300)	BoxCollider enabled=True trigger=False
Backyard/Floor 2/Floor 2x2	True	Floor 2x2	(2.000, -0.750, 11.750)	(0.00, 0.00, 0.00)	(1.000, 1.000, 1.000)	(2.000, -0.250, 11.750)	(2.000, 1.000, 2.000)	BoxCollider enabled=True trigger=False
Backyard/Floor 2/Floor 2x2 (1)	True	Floor 2x2	(0.000, -0.750, 11.750)	(0.00, 0.00, 0.00)	(1.000, 1.000, 1.000)	(0.000, -0.250, 11.750)	(2.000, 1.000, 2.000)	BoxCollider enabled=True trigger=False
Backyard/Floor 2/Floor 2x2 (2)	True	Floor 2x2	(-2.000, -0.750, 11.750)	(0.00, 0.00, 0.00)	(1.000, 1.000, 1.000)	(-2.000, -0.250, 11.750)	(2.000, 1.000, 2.000)	BoxCollider enabled=True trigger=False
Backyard/Floor 2/Floor 2x2 (3)	True	Floor 2x2	(-4.000, -0.750, 11.750)	(0.00, 0.00, 0.00)	(1.000, 1.000, 1.000)	(-4.000, -0.250, 11.750)	(2.000, 1.000, 2.000)	BoxCollider enabled=True trigger=False
Backyard/Floor 2/Floor 2x2 (4)	True	Floor 2x2	(2.000, -0.750, 13.500)	(0.00, 0.00, 0.00)	(1.000, 1.000, 1.000)	(2.000, -0.250, 13.500)	(2.000, 1.000, 2.000)	BoxCollider enabled=True trigger=False
Backyard/Floor 2/Floor 2x2 (5)	True	Floor 2x2	(0.000, -0.750, 13.500)	(0.00, 0.00, 0.00)	(1.000, 1.000, 1.000)	(0.000, -0.250, 13.500)	(2.000, 1.000, 2.000)	BoxCollider enabled=True trigger=False
Backyard/Floor 2/Floor 2x2 (6)	True	Floor 2x2	(-2.000, -0.750, 13.500)	(0.00, 0.00, 0.00)	(1.000, 1.000, 1.000)	(-2.000, -0.250, 13.500)	(2.000, 1.000, 2.000)	BoxCollider enabled=True trigger=False
Backyard/Floor 2/Floor 2x2 (7)	True	Floor 2x2	(-4.000, -0.750, 13.500)	(0.00, 0.00, 0.00)	(1.000, 1.000, 1.000)	(-4.000, -0.250, 13.500)	(2.000, 1.000, 2.000)	BoxCollider enabled=True trigger=False
Backyard/Floor 2/Floor 2x2 (8)	True	Floor 2x2	(2.000, -0.750, 15.500)	(0.00, 0.00, 0.00)	(1.000, 1.000, 1.000)	(2.000, -0.250, 15.500)	(2.000, 1.000, 2.000)	BoxCollider enabled=True trigger=False
Backyard/Floor 2/Floor 2x2 (9)	True	Floor 2x2	(0.000, -0.750, 15.500)	(0.00, 0.00, 0.00)	(1.000, 1.000, 1.000)	(0.000, -0.250, 15.500)	(2.000, 1.000, 2.000)	BoxCollider enabled=True trigger=False
Backyard/Floor 2/Floor 2x2 (10)	True	Floor 2x2	(-2.000, -0.750, 15.500)	(0.00, 0.00, 0.00)	(1.000, 1.000, 1.000)	(-2.000, -0.250, 15.500)	(2.000, 1.000, 2.000)	BoxCollider enabled=True trigger=False
Backyard/Floor 2/Floor 2x2 (12)	True	Floor 2x2	(2.000, -0.750, 17.500)	(0.00, 0.00, 0.00)	(1.000, 1.000, 1.000)	(2.000, -0.250, 17.500)	(2.000, 1.000, 2.000)	BoxCollider enabled=True trigger=False
Backyard/Floor 2/Floor 2x2 (13)	True	Floor 2x2	(0.000, -0.750, 17.500)	(0.00, 0.00, 0.00)	(1.000, 1.000, 1.000)	(0.000, -0.250, 17.500)	(2.000, 1.000, 2.000)	BoxCollider enabled=True trigger=False
Backyard/Floor 2/Floor 2x2 (14)	True	Floor 2x2	(-2.000, -0.750, 17.500)	(0.00, 0.00, 0.00)	(1.000, 1.000, 1.000)	(-2.000, -0.250, 17.500)	(2.000, 1.000, 2.000)	BoxCollider enabled=True trigger=False
Backyard/Floor 2/Floor 2x2 (15)	True	Floor 2x2	(-4.000, -0.750, 17.500)	(0.00, 0.00, 0.00)	(1.000, 1.000, 1.000)	(-4.000, -0.250, 17.500)	(2.000, 1.000, 2.000)	BoxCollider enabled=True trigger=False
Backyard/Floor 2/Floor 2x2 (16)	True	Floor 2x2	(2.000, -0.750, 19.500)	(0.00, 0.00, 0.00)	(1.000, 1.000, 1.000)	(2.000, -0.250, 19.500)	(2.000, 1.000, 2.000)	BoxCollider enabled=True trigger=False
Backyard/Floor 2/Floor 2x2 (17)	True	Floor 2x2	(0.000, -0.750, 19.500)	(0.00, 0.00, 0.00)	(1.000, 1.000, 1.000)	(0.000, -0.250, 19.500)	(2.000, 1.000, 2.000)	BoxCollider enabled=True trigger=False
Backyard/Floor 2/Floor 2x2 (18)	True	Floor 2x2	(-2.000, -0.750, 19.500)	(0.00, 0.00, 0.00)	(1.000, 1.000, 1.000)	(-2.000, -0.250, 19.500)	(2.000, 1.000, 2.000)	BoxCollider enabled=True trigger=False
Backyard/Floor 2/Floor 2x2 (19)	True	Floor 2x2	(-4.000, -0.750, 19.500)	(0.00, 0.00, 0.00)	(1.000, 1.000, 1.000)	(-4.000, -0.250, 19.500)	(2.000, 1.000, 2.000)	BoxCollider enabled=True trigger=False
Backyard/Floor 2/Floor 2x2 (20)	True	Floor 2x2	(2.000, -0.750, 21.500)	(0.00, 0.00, 0.00)	(1.000, 1.000, 1.000)	(2.000, -0.250, 21.500)	(2.000, 1.000, 2.000)	BoxCollider enabled=True trigger=False
Backyard/Floor 2/Floor 2x2 (21)	True	Floor 2x2	(-6.000, -0.750, 11.750)	(0.00, 0.00, 0.00)	(1.000, 1.000, 1.000)	(-6.000, -0.250, 11.750)	(2.000, 1.000, 2.000)	BoxCollider enabled=True trigger=False
Backyard/Floor 2/Floor 2x2 (22)	True	Floor 2x2	(-6.000, -0.750, 13.500)	(0.00, 0.00, 0.00)	(1.000, 1.000, 1.000)	(-6.000, -0.250, 13.500)	(2.000, 1.000, 2.000)	BoxCollider enabled=True trigger=False
Backyard/Floor 2/Floor 2x2 (23)	True	Floor 2x2	(-6.000, -0.750, 15.500)	(0.00, 0.00, 0.00)	(1.000, 1.000, 1.000)	(-6.000, -0.250, 15.500)	(2.000, 1.000, 2.000)	BoxCollider enabled=True trigger=False
Backyard/Floor 2/Floor 2x2 (24)	True	Floor 2x2	(-6.000, -0.750, 17.500)	(0.00, 0.00, 0.00)	(1.000, 1.000, 1.000)	(-6.000, -0.250, 17.500)	(2.000, 1.000, 2.000)	BoxCollider enabled=True trigger=False
Backyard/Floor 2/Floor 2x2 (25)	True	Floor 2x2	(-6.000, -0.750, 19.500)	(0.00, 0.00, 0.00)	(1.000, 1.000, 1.000)	(-6.000, -0.250, 19.500)	(2.000, 1.000, 2.000)	BoxCollider enabled=True trigger=False
Backyard/Floor 2/Floor 2x2 (26)	True	Floor 2x2	(-8.000, -0.750, 11.750)	(0.00, 0.00, 0.00)	(1.000, 1.000, 1.000)	(-8.000, -0.250, 11.750)	(2.000, 1.000, 2.000)	BoxCollider enabled=True trigger=False
Backyard/Floor 2/Floor 2x2 (27)	True	Floor 2x2	(-8.000, -0.750, 13.500)	(0.00, 0.00, 0.00)	(1.000, 1.000, 1.000)	(-8.000, -0.250, 13.500)	(2.000, 1.000, 2.000)	BoxCollider enabled=True trigger=False
Backyard/Floor 2/Floor 2x2 (28)	True	Floor 2x2	(-8.000, -0.750, 15.500)	(0.00, 0.00, 0.00)	(1.000, 1.000, 1.000)	(-8.000, -0.250, 15.500)	(2.000, 1.000, 2.000)	BoxCollider enabled=True trigger=False
Backyard/Floor 2/Floor 2x2 (29)	True	Floor 2x2	(-8.000, -0.750, 17.500)	(0.00, 0.00, 0.00)	(1.000, 1.000, 1.000)	(-8.000, -0.250, 17.500)	(2.000, 1.000, 2.000)	BoxCollider enabled=True trigger=False
Backyard/Floor 2/Floor 2x2 (30)	True	Floor 2x2	(-8.000, -0.750, 19.500)	(0.00, 0.00, 0.00)	(1.000, 1.000, 1.000)	(-8.000, -0.250, 19.500)	(2.000, 1.000, 2.000)	BoxCollider enabled=True trigger=False
Backyard/Floor 2/Floor 2x2 (31)	True	Floor 2x2	(-10.000, -0.750, 11.750)	(0.00, 0.00, 0.00)	(1.000, 1.000, 1.000)	(-10.000, -0.250, 11.750)	(2.000, 1.000, 2.000)	BoxCollider enabled=True trigger=False
Backyard/Floor 2/Floor 2x2 (32)	True	Floor 2x2	(-10.000, -0.750, 13.500)	(0.00, 0.00, 0.00)	(1.000, 1.000, 1.000)	(-10.000, -0.250, 13.500)	(2.000, 1.000, 2.000)	BoxCollider enabled=True trigger=False
Backyard/Floor 2/Floor 2x2 (33)	True	Floor 2x2	(-10.000, -0.750, 15.500)	(0.00, 0.00, 0.00)	(1.000, 1.000, 1.000)	(-10.000, -0.250, 15.500)	(2.000, 1.000, 2.000)	BoxCollider enabled=True trigger=False
Backyard/Floor 2/Floor 2x2 (34)	True	Floor 2x2	(-10.000, -0.750, 17.500)	(0.00, 0.00, 0.00)	(1.000, 1.000, 1.000)	(-10.000, -0.250, 17.500)	(2.000, 1.000, 2.000)	BoxCollider enabled=True trigger=False
Backyard/Floor 2/Floor 2x2 (35)	True	Floor 2x2	(-10.000, -0.750, 19.500)	(0.00, 0.00, 0.00)	(1.000, 1.000, 1.000)	(-10.000, -0.250, 19.500)	(2.000, 1.000, 2.000)	BoxCollider enabled=True trigger=False
Backyard/Floor 2/Floor 2x2 (36)	True	Floor 2x2	(-12.000, -0.750, 11.750)	(0.00, 0.00, 0.00)	(1.000, 1.000, 1.000)	(-12.000, -0.250, 11.750)	(2.000, 1.000, 2.000)	BoxCollider enabled=True trigger=False
Backyard/Floor 2/Floor 2x2 (37)	True	Floor 2x2	(-12.000, -0.750, 13.500)	(0.00, 0.00, 0.00)	(1.000, 1.000, 1.000)	(-12.000, -0.250, 13.500)	(2.000, 1.000, 2.000)	BoxCollider enabled=True trigger=False
Backyard/Floor 2/Floor 2x2 (38)	True	Floor 2x2	(-12.000, -0.750, 15.500)	(0.00, 0.00, 0.00)	(1.000, 1.000, 1.000)	(-12.000, -0.250, 15.500)	(2.000, 1.000, 2.000)	BoxCollider enabled=True trigger=False
Backyard/Floor 2/Floor 2x2 (39)	True	Floor 2x2	(-12.000, -0.750, 17.500)	(0.00, 0.00, 0.00)	(1.000, 1.000, 1.000)	(-12.000, -0.250, 17.500)	(2.000, 1.000, 2.000)	BoxCollider enabled=True trigger=False
Backyard/Floor 2/Floor 2x2 (40)	True	Floor 2x2	(-12.000, -0.750, 19.500)	(0.00, 0.00, 0.00)	(1.000, 1.000, 1.000)	(-12.000, -0.250, 19.500)	(2.000, 1.000, 2.000)	BoxCollider enabled=True trigger=False
Backyard/Floor 2/Floor 2x2 (41)	True	Floor 2x2	(-14.000, -0.750, 11.750)	(0.00, 0.00, 0.00)	(1.000, 1.000, 1.000)	(-14.000, -0.250, 11.750)	(2.000, 1.000, 2.000)	BoxCollider enabled=True trigger=False
Backyard/Floor 2/Floor 2x2 (42)	True	Floor 2x2	(-14.000, -0.750, 13.500)	(0.00, 0.00, 0.00)	(1.000, 1.000, 1.000)	(-14.000, -0.250, 13.500)	(2.000, 1.000, 2.000)	BoxCollider enabled=True trigger=False
Backyard/Floor 2/Floor 2x2 (43)	True	Floor 2x2	(-14.000, -0.750, 15.500)	(0.00, 0.00, 0.00)	(1.000, 1.000, 1.000)	(-14.000, -0.250, 15.500)	(2.000, 1.000, 2.000)	BoxCollider enabled=True trigger=False
Backyard/Floor 2/Floor 2x2 (44)	True	Floor 2x2	(-14.000, -0.750, 17.500)	(0.00, 0.00, 0.00)	(1.000, 1.000, 1.000)	(-14.000, -0.250, 17.500)	(2.000, 1.000, 2.000)	BoxCollider enabled=True trigger=False
Backyard/Floor 2/Floor 2x2 (45)	True	Floor 2x2	(-14.000, -0.750, 19.500)	(0.00, 0.00, 0.00)	(1.000, 1.000, 1.000)	(-14.000, -0.250, 19.500)	(2.000, 1.000, 2.000)	BoxCollider enabled=True trigger=False
Backyard/Floor 2/Floor 2x2 (46)	True	Floor 2x2	(3.000, -0.750, 23.250)	(0.00, 0.00, 0.00)	(1.000, 1.000, 1.000)	(3.000, -0.250, 23.250)	(2.000, 1.000, 2.000)	BoxCollider enabled=True trigger=False
Backyard/Floor 2/Floor 2x2 (47)	True	Floor 2x2	(3.000, -0.750, 25.250)	(0.00, 0.00, 0.00)	(1.000, 1.000, 1.000)	(3.000, -0.250, 25.250)	(2.000, 1.000, 2.000)	BoxCollider enabled=True trigger=False
Backyard/Floor 2/Floor 2x2 (48)	True	Floor 2x2	(3.000, -0.750, 27.250)	(0.00, 0.00, 0.00)	(1.000, 1.000, 1.000)	(3.000, -0.250, 27.250)	(2.000, 1.000, 2.000)	BoxCollider enabled=True trigger=False
Backyard/Floor 2/Floor 2x2 (49)	True	Floor 2x2	(3.000, -0.750, 29.250)	(0.00, 0.00, 0.00)	(1.000, 1.000, 1.000)	(3.000, -0.250, 29.250)	(2.000, 1.000, 2.000)	BoxCollider enabled=True trigger=False
Backyard/Floor 2/Floor 2x2 (50)	True	Floor 2x2	(3.000, -0.750, 30.750)	(0.00, 0.00, 0.00)	(1.000, 1.000, 1.000)	(3.000, -0.250, 30.750)	(2.000, 1.000, 2.000)	BoxCollider enabled=True trigger=False
Backyard/Floor 2/Floor 2x2 (51)	True	Floor 2x2	(5.000, -0.750, 23.250)	(0.00, 0.00, 0.00)	(1.000, 1.000, 1.000)	(5.000, -0.250, 23.250)	(2.000, 1.000, 2.000)	BoxCollider enabled=True trigger=False
Backyard/Floor 2/Floor 2x2 (52)	True	Floor 2x2	(5.000, -0.750, 25.250)	(0.00, 0.00, 0.00)	(1.000, 1.000, 1.000)	(5.000, -0.250, 25.250)	(2.000, 1.000, 2.000)	BoxCollider enabled=True trigger=False
Backyard/Floor 2/Floor 2x2 (53)	True	Floor 2x2	(5.000, -0.750, 27.250)	(0.00, 0.00, 0.00)	(1.000, 1.000, 1.000)	(5.000, -0.250, 27.250)	(2.000, 1.000, 2.000)	BoxCollider enabled=True trigger=False
Backyard/Floor 2/Floor 2x2 (54)	True	Floor 2x2	(5.000, -0.750, 29.250)	(0.00, 0.00, 0.00)	(1.000, 1.000, 1.000)	(5.000, -0.250, 29.250)	(2.000, 1.000, 2.000)	BoxCollider enabled=True trigger=False
Backyard/Floor 2/Floor 2x2 (55)	True	Floor 2x2	(5.000, -0.750, 30.750)	(0.00, 0.00, 0.00)	(1.000, 1.000, 1.000)	(5.000, -0.250, 30.750)	(2.000, 1.000, 2.000)	BoxCollider enabled=True trigger=False
Backyard/Floor 2/Floor 2x2 (56)	True	Floor 2x2	(7.000, -0.750, 23.250)	(0.00, 0.00, 0.00)	(1.000, 1.000, 1.000)	(7.000, -0.250, 23.250)	(2.000, 1.000, 2.000)	BoxCollider enabled=True trigger=False
Backyard/Floor 2/Floor 2x2 (57)	True	Floor 2x2	(7.000, -0.750, 25.250)	(0.00, 0.00, 0.00)	(1.000, 1.000, 1.000)	(7.000, -0.250, 25.250)	(2.000, 1.000, 2.000)	BoxCollider enabled=True trigger=False
Backyard/Floor 2/Floor 2x2 (58)	True	Floor 2x2	(7.000, -0.750, 27.250)	(0.00, 0.00, 0.00)	(1.000, 1.000, 1.000)	(7.000, -0.250, 27.250)	(2.000, 1.000, 2.000)	BoxCollider enabled=True trigger=False
Backyard/Floor 2/Floor 2x2 (59)	True	Floor 2x2	(7.000, -0.750, 29.250)	(0.00, 0.00, 0.00)	(1.000, 1.000, 1.000)	(7.000, -0.250, 29.250)	(2.000, 1.000, 2.000)	BoxCollider enabled=True trigger=False
Backyard/Floor 2/Floor 2x2 (60)	True	Floor 2x2	(7.000, -0.750, 30.750)	(0.00, 0.00, 0.00)	(1.000, 1.000, 1.000)	(7.000, -0.250, 30.750)	(2.000, 1.000, 2.000)	BoxCollider enabled=True trigger=False
Backyard/Floor 2/Floor 2x2 (61)	True	Floor 2x2	(9.000, -0.750, 23.250)	(0.00, 0.00, 0.00)	(1.000, 1.000, 1.000)	(9.000, -0.250, 23.250)	(2.000, 1.000, 2.000)	BoxCollider enabled=True trigger=False
Backyard/Floor 2/Floor 2x2 (62)	True	Floor 2x2	(9.000, -0.750, 25.250)	(0.00, 0.00, 0.00)	(1.000, 1.000, 1.000)	(9.000, -0.250, 25.250)	(2.000, 1.000, 2.000)	BoxCollider enabled=True trigger=False
Backyard/Floor 2/Floor 2x2 (63)	True	Floor 2x2	(9.000, -0.750, 27.250)	(0.00, 0.00, 0.00)	(1.000, 1.000, 1.000)	(9.000, -0.250, 27.250)	(2.000, 1.000, 2.000)	BoxCollider enabled=True trigger=False
Backyard/Floor 2/Floor 2x2 (64)	True	Floor 2x2	(9.000, -0.750, 29.250)	(0.00, 0.00, 0.00)	(1.000, 1.000, 1.000)	(9.000, -0.250, 29.250)	(2.000, 1.000, 2.000)	BoxCollider enabled=True trigger=False
Backyard/Floor 2/Floor 2x2 (65)	True	Floor 2x2	(9.000, -0.750, 30.750)	(0.00, 0.00, 0.00)	(1.000, 1.000, 1.000)	(9.000, -0.250, 30.750)	(2.000, 1.000, 2.000)	BoxCollider enabled=True trigger=False
Backyard/Floor 2/Floor 2x2 (66)	True	Floor 2x2	(11.000, -0.750, 23.250)	(0.00, 0.00, 0.00)	(1.000, 1.000, 1.000)	(11.000, -0.250, 23.250)	(2.000, 1.000, 2.000)	BoxCollider enabled=True trigger=False
Backyard/Floor 2/Floor 2x2 (67)	True	Floor 2x2	(11.000, -0.750, 25.250)	(0.00, 0.00, 0.00)	(1.000, 1.000, 1.000)	(11.000, -0.250, 25.250)	(2.000, 1.000, 2.000)	BoxCollider enabled=True trigger=False
Backyard/Floor 2/Floor 2x2 (68)	True	Floor 2x2	(11.000, -0.750, 27.250)	(0.00, 0.00, 0.00)	(1.000, 1.000, 1.000)	(11.000, -0.250, 27.250)	(2.000, 1.000, 2.000)	BoxCollider enabled=True trigger=False
Backyard/Floor 2/Floor 2x2 (69)	True	Floor 2x2	(11.000, -0.750, 29.250)	(0.00, 0.00, 0.00)	(1.000, 1.000, 1.000)	(11.000, -0.250, 29.250)	(2.000, 1.000, 2.000)	BoxCollider enabled=True trigger=False
Backyard/Floor 2/Floor 2x2 (70)	True	Floor 2x2	(11.000, -0.750, 30.750)	(0.00, 0.00, 0.00)	(1.000, 1.000, 1.000)	(11.000, -0.250, 30.750)	(2.000, 1.000, 2.000)	BoxCollider enabled=True trigger=False
Backyard/Floor 2/Floor 1x1	True	Floor 1x1	(1.500, -0.750, 23.000)	(0.00, 0.00, 0.00)	(1.000, 1.000, 1.000)	(1.500, -0.250, 23.000)	(1.000, 1.000, 1.000)	BoxCollider enabled=True trigger=False
Backyard/Floor 2/Floor 1x1 (1)	True	Floor 1x1	(1.500, -0.750, 24.000)	(0.00, 0.00, 0.00)	(1.000, 1.000, 1.000)	(1.500, -0.250, 24.000)	(1.000, 1.000, 1.000)	BoxCollider enabled=True trigger=False
Backyard/Floor 2/Floor 1x1 (2)	True	Floor 1x1	(1.500, -0.750, 25.000)	(0.00, 0.00, 0.00)	(1.000, 1.000, 1.000)	(1.500, -0.250, 25.000)	(1.000, 1.000, 1.000)	BoxCollider enabled=True trigger=False
Backyard/Floor 2/Floor 1x1 (3)	True	Floor 1x1	(1.500, -0.750, 26.000)	(0.00, 0.00, 0.00)	(1.000, 1.000, 1.000)	(1.500, -0.250, 26.000)	(1.000, 1.000, 1.000)	BoxCollider enabled=True trigger=False
Backyard/Floor 2/Floor 1x1 (4)	True	Floor 1x1	(1.500, -0.750, 27.000)	(0.00, 0.00, 0.00)	(1.000, 1.000, 1.000)	(1.500, -0.250, 27.000)	(1.000, 1.000, 1.000)	BoxCollider enabled=True trigger=False
Backyard/Floor 2/Floor 1x1 (5)	True	Floor 1x1	(1.500, -0.750, 28.000)	(0.00, 0.00, 0.00)	(1.000, 1.000, 1.000)	(1.500, -0.250, 28.000)	(1.000, 1.000, 1.000)	BoxCollider enabled=True trigger=False
Backyard/Floor 2/Floor 1x1 (6)	True	Floor 1x1	(1.500, -0.750, 29.000)	(0.00, 0.00, 0.00)	(1.000, 1.000, 1.000)	(1.500, -0.250, 29.000)	(1.000, 1.000, 1.000)	BoxCollider enabled=True trigger=False
Backyard/Floor 2/Floor 1x1 (7)	True	Floor 1x1	(1.500, -0.750, 30.000)	(0.00, 0.00, 0.00)	(1.000, 1.000, 1.000)	(1.500, -0.250, 30.000)	(1.000, 1.000, 1.000)	BoxCollider enabled=True trigger=False
Backyard/Floor 2/Floor 2x2 (11)	True	Floor 2x2	(-4.000, -0.750, 15.500)	(0.00, 0.00, 0.00)	(1.000, 1.000, 1.000)	(-4.000, -0.250, 15.500)	(2.000, 1.000, 2.000)	BoxCollider enabled=True trigger=False
